NAME,Total_Population,Median_Income,Median_Home_Value,Bachelors_Count,state,county,Bachelors_Rate
"Autauga County, Alabama",59285,69841,197900,6518,01,001,0.10994349329509995
"Baldwin County, Alabama",239945,75019,287000,35348,01,003,0.14731709350059388
"Barbour County, Alabama",24757,44290,109900,1179,01,005,0.04762289453487902
"Bibb County, Alabama",22152,51215,132600,1121,01,007,0.05060491152040448
"Blount County, Alabama",59292,61096,169700,4088,01,009,0.06894690683397423
"Bullock County, Alabama",10157,36723,79400,493,01,011,0.048537954120311116
"Butler County, Alabama",18807,44881,99700,1046,01,013,0.05561758919551231
"Calhoun County, Alabama",116141,55826,149500,9842,01,015,0.08474182243996521
"Chambers County, Alabama",34450,49295,129700,2386,01,017,0.06925979680696662
"Cherokee County, Alabama",25224,50769,165900,1726,01,019,0.06842689502061529
"Chilton County, Alabama",45500,61873,142300,2858,01,021,0.06281318681318682
"Choctaw County, Alabama",12525,44483,111800,891,01,023,0.0711377245508982
"Clarke County, Alabama",22802,49167,126400,1545,01,025,0.06775721427944917
"Clay County, Alabama",14188,51852,144700,1154,01,027,0.08133634056949535
"Cleburne County, Alabama",15254,53319,144200,1201,01,029,0.07873344696473056
"Coffee County, Alabama",54231,64672,180300,4497,01,031,0.08292305139127068
"Colbert County, Alabama",57648,56736,161600,5274,01,033,0.09148626144879267
"Conecuh County, Alabama",11411,42266,101300,565,01,035,0.049513627201822806
"Coosa County, Alabama",10323,57063,111800,815,01,037,0.07894991765959508
"Covington County, Alabama",37647,50886,142500,2596,01,039,0.06895635774430897
"Crenshaw County, Alabama",13144,49040,108400,1046,01,041,0.0795800365185636
"Cullman County, Alabama",89463,60916,180500,7754,01,043,0.0866727026815555
"Dale County, Alabama",49516,53955,129100,4370,01,045,0.08825430163987398
"Dallas County, Alabama",37536,36810,97400,2868,01,047,0.07640664961636828
"DeKalb County, Alabama",71946,51149,135500,4115,01,049,0.057195674533678034
"Elmore County, Alabama",88669,75553,213600,9976,01,051,0.11250831745029266
"Escambia County, Alabama",36695,44447,122700,2080,01,053,0.05668347186265159
"Etowah County, Alabama",103208,53070,160600,7698,01,055,0.0745872412991241
"Fayette County, Alabama",16173,50733,121200,1107,01,057,0.06844741235392321
"Franklin County, Alabama",31978,51493,128000,2036,01,059,0.06366877228094314
"Geneva County, Alabama",26726,50951,120200,1812,01,061,0.06779914689815161
"Greene County, Alabama",7589,31495,86400,396,01,063,0.052180787982606405
"Hale County, Alabama",14749,41325,126300,1100,01,065,0.07458132754763035
"Henry County, Alabama",17450,60135,147800,1805,01,067,0.10343839541547278
"Houston County, Alabama",107628,57531,178000,10662,01,069,0.0990634407403278
"Jackson County, Alabama",52839,49454,145800,3583,01,071,0.0678097617290259
"Jefferson County, Alabama",669744,64589,224900,96623,01,073,0.14426855634391647
"Lamar County, Alabama",13809,47447,112700,678,01,075,0.04909841407777536
"Lauderdale County, Alabama",95037,59082,185800,10681,01,077,0.11238780685417259
"Lawrence County, Alabama",33182,60040,150700,2421,01,079,0.07296124404797782
"Lee County, Alabama",177663,61123,238700,24876,01,081,0.1400178990560781
"Limestone County, Alabama",107577,83534,255100,14425,01,083,0.1340900006506967
"Lowndes County, Alabama",10008,35160,80600,636,01,085,0.06354916067146282
"Macon County, Alabama",18951,45951,95700,1311,01,087,0.06917840747190122
"Madison County, Alabama",397135,83528,267800,73736,01,089,0.18566986037493546
"Marengo County, Alabama",19027,44205,103400,1562,01,091,0.08209386661060598
"Marion County, Alabama",29190,50714,104300,1752,01,093,0.06002055498458376
"Marshall County, Alabama",98712,60946,183400,9466,01,095,0.09589512926493232
"Mobile County, Alabama",413162,58119,176600,45444,01,097,0.10999075423199617
"Monroe County, Alabama",19580,40225,114900,842,01,099,0.04300306435137896
"Montgomery County, Alabama",227197,58153,160100,30013,01,101,0.13210121612521292
"Morgan County, Alabama",123742,64858,193000,12989,01,103,0.10496840199770491
"Perry County, Alabama",8231,34368,87700,545,01,105,0.06621309682906086
"Pickens County, Alabama",18843,47014,123300,1245,01,107,0.06607228148384016
"Pike County, Alabama",32953,47961,149000,3102,01,109,0.09413406973568415
"Randolph County, Alabama",22310,51551,184000,1899,01,111,0.08511878081577767
"Russell County, Alabama",58858,50046,152300,4323,01,113,0.0734479594957355
"St. Clair County, Alabama",92903,78993,218500,8822,01,115,0.09495925858153127
"Shelby County, Alabama",226955,93543,298700,46948,01,117,0.20686039082637528
"Sumter County, Alabama",12020,37981,84100,753,01,119,0.06264559068219634
"Talladega County, Alabama",81170,56249,137900,5312,01,121,0.06544289762227425
"Tallapoosa County, Alabama",41070,57185,144800,3560,01,123,0.08668127587046506
"Tuscaloosa County, Alabama",234036,63947,233700,26261,01,125,0.1122092327676084
"Walker County, Alabama",64886,54509,131100,4328,01,127,0.06670159972875504
"Washington County, Alabama",15270,60503,152800,917,01,129,0.06005239030779306
"Wilcox County, Alabama",10347,42236,84200,554,01,131,0.05354208949453948
"Winston County, Alabama",23637,48032,110500,1411,01,133,0.05969454668528155
"Aleutians East Borough, Alaska",3423,72692,144300,336,02,013,0.09815950920245399
"Aleutians West Census Area, Alaska",5178,107344,419100,581,02,016,0.11220548474314407
"Anchorage Municipality, Alaska",289069,98152,375900,45019,02,020,0.155737903407145
"Bethel Census Area, Alaska",18487,70616,120600,566,02,050,0.030616108616865905
"Bristol Bay Borough, Alaska",878,100625,269800,140,02,060,0.15945330296127563
"Chugach Census Area, Alaska",6964,88565,330900,985,02,063,0.14144170017231475
"Copper River Census Area, Alaska",2626,75053,246700,319,02,066,0.12147753236862148
"Denali Borough, Alaska",2029,88935,262000,261,02,068,0.12863479546574666
"Dillingham Census Area, Alaska",4780,74250,163800,374,02,070,0.07824267782426778
"Fairbanks North Star Borough, Alaska",95555,84722,282500,12151,02,090,0.12716236722306526
"Haines Borough, Alaska",2077,72607,318900,325,02,100,0.15647568608570053
"Hoonah-Angoon Census Area, Alaska",2313,62500,278300,278,02,105,0.12019022913964549
"Juneau City and Borough, Alaska",31969,100513,432500,5864,02,110,0.18342769558009323
"Kenai Peninsula Borough, Alaska",59843,77722,297500,8110,02,122,0.13552128068445765
"Ketchikan Gateway Borough, Alaska",13870,89155,379000,1817,02,130,0.13100216294160058
"Kodiak Island Borough, Alaska",12878,83716,382700,1727,02,150,0.1341046746389191
"Kusilvak Census Area, Alaska",8277,48233,72700,194,02,158,0.02343844388063308
"Lake and Peninsula Borough, Alaska",1007,64000,166100,80,02,164,0.07944389275074479
"Matanuska-Susitna Borough, Alaska",110677,90625,319200,11510,02,170,0.10399631359722436
"Nome Census Area, Alaska",9925,76643,201000,466,02,180,0.04695214105793451
"North Slope Borough, Alaska",10891,86313,219600,647,02,185,0.059406849692406574
"Northwest Arctic Borough, Alaska",7611,81298,162500,345,02,188,0.04532912889239259
"Petersburg Borough, Alaska",3394,77026,301300,467,02,195,0.1375957572186211
"Prince of Wales-Hyder Census Area, Alaska",5730,59079,221800,493,02,198,0.08603839441535777
"Sitka City and Borough, Alaska",8393,101207,442100,1330,02,220,0.15846538782318598
"Skagway Municipality, Alaska",1308,78594,430000,221,02,230,0.16896024464831805
"Southeast Fairbanks Census Area, Alaska",6936,74223,262800,624,02,240,0.08996539792387544
"Wrangell City and Borough, Alaska",2106,64545,289700,218,02,275,0.10351377018043685
"Yakutat City and Borough, Alaska",506,80625,185000,43,02,282,0.08498023715415019
"Yukon-Koyukuk Census Area, Alaska",5271,52642,87800,302,02,290,0.05729463099981028
"Apache County, Arizona",65680,40338,68500,3769,04,001,0.057384287454323994
"Cochise County, Arizona",125458,58970,207400,15057,04,003,0.12001626042181447
"Coconino County, Arizona",144643,69748,413200,20482,04,005,0.1416038107616684
"Gila County, Arizona",53610,59089,247000,4991,04,007,0.09309830255549338
"Graham County, Arizona",38860,67326,202700,2407,04,009,0.06194029850746269
"Greenlee County, Arizona",9452,75239,136300,946,04,011,0.10008463817181548
"La Paz County, Arizona",16605,49506,117600,1165,04,012,0.07015959048479374
"Maricopa County, Arizona",4491987,85518,414700,681592,04,013,0.15173507848531173
"Mohave County, Arizona",217420,55799,253200,15551,04,015,0.07152515867905436
"Navajo County, Arizona",107744,52752,186100,7503,04,017,0.06963728838728839
"Pima County, Arizona",1049947,67929,286900,146720,04,019,0.1397403868957195
"Pinal County, Arizona",449219,77588,312100,47556,04,021,0.10586373238887936
"Santa Cruz County, Arizona",48209,53614,216100,4808,04,023,0.09973241510921198
"Yavapai County, Arizona",241656,66106,392900,32658,04,025,0.135142516635217
"Yuma County, Arizona",207685,60417,195700,14330,04,027,0.06899872402917881
"Arkansas County, Arkansas",16773,60831,129400,1143,05,001,0.06814523341083885
"Ashley County, Arkansas",18722,44481,88800,1131,05,003,0.06041021258412563
"Baxter County, Arkansas",42150,48427,165400,4317,05,005,0.10241992882562277
"Benton County, Arkansas",294541,89879,285100,46597,05,007,0.15820208392040497
"Boone County, Arkansas",37896,54195,169300,2866,05,009,0.07562803462106818
"Bradley County, Arkansas",10354,39565,97000,723,05,011,0.06982808576395595
"Calhoun County, Arkansas",4717,63654,97300,374,05,013,0.0792876828492686
"Carroll County, Arkansas",28526,55187,186300,2928,05,015,0.10264320269228072
"Chicot County, Arkansas",9997,39683,90500,844,05,017,0.08442532759827949
"Clark County, Arkansas",21378,50985,147100,2035,05,019,0.09519131817756572
"Clay County, Arkansas",14399,48500,88100,962,05,021,0.06681019515244115
"Cleburne County, Arkansas",25048,55979,174600,2334,05,023,0.09318109230277867
"Cleveland County, Arkansas",7491,50509,123400,587,05,025,0.07836069950607395
"Columbia County, Arkansas",22527,47363,141700,1905,05,027,0.08456518844053802
"Conway County, Arkansas",20872,51212,137000,1799,05,029,0.08619202759678038
"Craighead County, Arkansas",112097,57615,198700,11967,05,031,0.10675575617545519
"Crawford County, Arkansas",60792,60362,170000,5652,05,033,0.0929727595736281
"Crittenden County, Arkansas",47609,54271,155100,3666,05,035,0.07700224747421706
"Cross County, Arkansas",16681,47012,104000,1153,05,037,0.06912055632156346
"Dallas County, Arkansas",6351,44694,98200,378,05,039,0.05951818611242324
"Desha County, Arkansas",11041,36064,89100,567,05,041,0.05135404401775202
"Drew County, Arkansas",17143,41071,127800,1721,05,043,0.10039083007641603
"Faulkner County, Arkansas",126001,65071,211300,15950,05,045,0.12658629693415133
"Franklin County, Arkansas",17220,51919,118800,1080,05,047,0.0627177700348432
"Fulton County, Arkansas",12239,38941,107200,839,05,049,0.06855135223465969
"Garland County, Arkansas",100062,55409,176400,12092,05,051,0.12084507605284724
"Grant County, Arkansas",18111,72512,154500,2010,05,053,0.11098227596488322
"Greene County, Arkansas",46182,56793,162200,3244,05,055,0.07024381793772465
"Hempstead County, Arkansas",19778,47654,100200,1200,05,057,0.06067347557892608
"Hot Spring County, Arkansas",33142,52644,127900,2407,05,059,0.07262687828133486
"Howard County, Arkansas",12701,44492,135400,984,05,061,0.07747421462876938
"Independence County, Arkansas",38120,56009,120500,2827,05,063,0.07416054564533053
"Izard County, Arkansas",13866,47728,122100,1350,05,065,0.09736045002163565
"Jackson County, Arkansas",16775,41215,87300,1033,05,067,0.06157973174366617
"Jefferson County, Arkansas",65780,48552,106000,6459,05,069,0.09819093949528732
"Johnson County, Arkansas",25932,44808,124800,2214,05,071,0.08537714021286441
"Lafayette County, Arkansas",6211,37237,74600,301,05,073,0.04846240540975688
"Lawrence County, Arkansas",16265,44164,91100,1040,05,075,0.06394097755917615
"Lee County, Arkansas",8511,36860,77900,326,05,077,0.03830337210668547
"Lincoln County, Arkansas",12966,51667,106100,687,05,079,0.052984729291994444
"Little River County, Arkansas",11959,52241,113400,1028,05,081,0.08596036457897818
"Logan County, Arkansas",21240,54237,126900,1635,05,083,0.0769774011299435
"Lonoke County, Arkansas",74747,71449,184100,7099,05,085,0.09497371131951785
"Madison County, Arkansas",17032,53888,157800,1036,05,087,0.06082667919210897
"Marion County, Arkansas",17076,46953,158400,1180,05,089,0.06910283438744437
"Miller County, Arkansas",42588,49983,148200,2704,05,091,0.06349206349206349
"Mississippi County, Arkansas",39749,53428,115800,2442,05,093,0.06143550781151727
"Monroe County, Arkansas",6681,43955,82200,570,05,095,0.08531656937584194
"Montgomery County, Arkansas",8571,49015,136000,824,05,097,0.09613814024034535
"Nevada County, Arkansas",8228,41761,85700,508,05,099,0.06174039863879436
"Newton County, Arkansas",7175,47395,178800,487,05,101,0.06787456445993031
"Ouachita County, Arkansas",22317,49838,99600,1460,05,103,0.06542097952233723
"Perry County, Arkansas",10073,60078,129300,882,05,105,0.08756080611535788
"Phillips County, Arkansas",15910,38874,76200,1007,05,107,0.06329352608422376
"Pike County, Arkansas",10182,51000,115400,965,05,109,0.09477509330190532
"Poinsett County, Arkansas",22740,47188,101200,1309,05,111,0.05756376429199648
"Polk County, Arkansas",19348,49252,122600,1604,05,113,0.08290262559437668
"Pope County, Arkansas",63830,54606,161700,6708,05,115,0.10509164969450102
"Prairie County, Arkansas",8162,51094,87500,662,05,117,0.08110757167360941
"Pulaski County, Arkansas",398949,60385,199600,59781,05,119,0.1498462209455344
"Randolph County, Arkansas",18733,52838,118100,1093,05,121,0.058346233918753
"St. Francis County, Arkansas",22740,41784,87700,1179,05,123,0.05184696569920844
"Saline County, Arkansas",125724,76534,211700,16852,05,125,0.13403964239126975
"Scott County, Arkansas",9839,45955,110900,603,05,127,0.061286716129687974
"Searcy County, Arkansas",7861,41978,108100,565,05,129,0.07187380740363822
"Sebastian County, Arkansas",128448,56450,166000,12795,05,131,0.09961229446935725
"Sevier County, Arkansas",15797,51641,111700,680,05,133,0.04304614800278534
"Sharp County, Arkansas",17597,42950,94600,1070,05,135,0.0608058191737228
"Stone County, Arkansas",12474,38531,149400,902,05,137,0.07231040564373897
"Union County, Arkansas",38368,50221,114700,3278,05,139,0.08543577981651376
"Van Buren County, Arkansas",15936,47266,122300,1245,05,141,0.078125
"Washington County, Arkansas",251863,66426,266000,31300,05,143,0.12427391081659474
"White County, Arkansas",77395,53435,159600,5722,05,145,0.07393242457523096
"Woodruff County, Arkansas",6157,49982,96800,359,05,147,0.05830761734611012
"Yell County, Arkansas",20195,58870,131300,1399,05,149,0.06927457291408765
"Alameda County, California",1651949,126240,1057400,341463,06,001,0.2067031125052892
"Alpine County, California",1695,110781,466100,264,06,003,0.15575221238938053
"Amador County, California",41029,81526,422800,5027,06,005,0.1225230934217261
"Butte County, California",209470,68574,408700,28185,06,007,0.13455387406311167
"Calaveras County, California",45995,79877,441800,5242,06,009,0.11396890966409393
"Colusa County, California",21895,75149,375100,1579,06,011,0.07211692167161453
"Contra Costa County, California",1161458,125727,830800,221951,06,013,0.19109687995605523
"Del Norte County, California",27293,66780,319600,2540,06,015,0.0930641556443044
"El Dorado County, California",192299,106190,640500,36513,06,017,0.18987618240344464
"Fresno County, California",1012152,71434,362600,98932,06,019,0.09774421233174464
"Glenn County, California",28623,70487,338400,2314,06,021,0.08084407644202216
"Humboldt County, California",135418,61135,418800,19521,06,023,0.14415365756398707
"Imperial County, California",179319,56393,279500,12731,06,025,0.07099638075162142
"Inyo County, California",18803,72432,338400,2759,06,027,0.14673190448332712
"Kern County, California",910433,67660,310600,68949,06,029,0.07573209670563347
"Kings County, California",152830,68750,305700,8991,06,031,0.058830072629719295
"Lake County, California",68139,58738,316800,5743,06,033,0.08428359676543536
"Lassen County, California",31177,64395,259500,2309,06,035,0.07406100651121018
"Los Angeles County, California",9848406,87760,783300,1574014,06,037,0.1598242395774504
"Madera County, California",158790,75496,367700,11644,06,039,0.07332955475785628
"Marin County, California",258765,142785,1390000,63089,06,041,0.243808088419995
"Mariposa County, California",17060,65378,358000,2582,06,043,0.15134818288393903
"Mendocino County, California",90709,64688,486000,9871,06,045,0.10882051395120661
"Merced County, California",285597,65044,368400,17760,06,047,0.062185527158898725
"Modoc County, California",8646,56648,212000,1031,06,049,0.11924589405505436
"Mono County, California",13169,86953,514300,1814,06,051,0.13774774090667477
"Monterey County, California",435834,94486,723100,46167,06,053,0.1059279450432963
"Napa County, California",136070,108970,838800,23885,06,055,0.17553465128242815
"Nevada County, California",102452,84905,602800,19768,06,057,0.19294889314020225
"Orange County, California",3164063,113702,915500,601466,06,059,0.19009292798531507
"Placer County, California",412435,114678,658800,80818,06,061,0.1959533017323942
"Plumas County, California",19607,64946,327400,2031,06,063,0.10358545417452951
"Riverside County, California",2449909,89672,510300,259990,06,065,0.10612230903270285
"Sacramento County, California",1584047,88724,498900,232818,06,067,0.1469766995550006
"San Benito County, California",66056,108289,751500,7009,06,069,0.10610693956642848
"San Bernardino County, California",2187816,82184,475000,207111,06,071,0.09466563915795478
"San Diego County, California",3282782,102285,791600,580152,06,073,0.17672571617609698
"San Francisco County, California",836321,141446,1380500,234704,06,075,0.2806386542966158
"San Joaquin County, California",787416,88531,494500,73689,06,077,0.09358331555365906
"San Luis Obispo County, California",281486,93398,777200,46166,06,079,0.16400815671116858
"San Mateo County, California",745100,156000,1494500,158423,06,081,0.21261978257951952
"Santa Barbara County, California",443975,95977,735700,60231,06,083,0.1356630440903204
"Santa Clara County, California",1903297,159674,1382800,376766,06,085,0.1979543917738535
"Santa Cruz County, California",266021,109266,1015200,45391,06,087,0.17062938640182543
"Shasta County, California",181554,71931,347200,20528,06,089,0.11306828822278771
"Sierra County, California",2731,60000,334100,325,06,091,0.1190040278286342
"Siskiyou County, California",43834,55499,284500,5070,06,093,0.11566364009672857
"Solano County, California",450824,99994,589600,60797,06,095,0.13485750536794847
"Sonoma County, California",485642,102840,779000,83196,06,097,0.1713113775167716
"Stanislaus County, California",552250,79661,426600,46297,06,099,0.08383340878225441
"Sutter County, California",98971,75450,399400,8877,06,101,0.08969294035626597
"Tehama County, California",65520,61834,315600,5952,06,103,0.09084249084249084
"Trinity County, California",15886,53498,329000,1164,06,105,0.07327206345209619
"Tulare County, California",475774,69489,303000,28892,06,107,0.06072631123180334
"Tuolumne County, California",54873,72259,406200,6706,06,109,0.12220946549304758
"Ventura County, California",838259,107327,768400,128351,06,111,0.15311616099558728
"Yolo County, California",217782,88818,593800,29769,06,113,0.1366917376091688
"Yuba County, California",83079,73313,380000,6282,06,115,0.07561477629725924
"Adams County, Colorado",524408,91387,458400,65757,08,001,0.12539282390810208
"Alamosa County, Colorado",16515,51445,218800,1767,08,003,0.1069936421435059
"Arapahoe County, Colorado",655709,97215,526000,127692,08,005,0.1947388246920509
"Archuleta County, Colorado",13730,76524,451400,2764,08,007,0.20131099781500364
"Baca County, Colorado",3460,40380,122000,439,08,009,0.126878612716763
"Bent County, Colorado",5524,49194,137900,381,08,011,0.06897175959449674
"Boulder County, Colorado",328317,102772,713900,75524,08,013,0.2300337783300895
"Broomfield County, Colorado",75110,121025,631600,18623,08,014,0.24794301690853415
"Chaffee County, Colorado",19876,70909,598500,4238,08,015,0.21322197625276715
"Cheyenne County, Colorado",1732,67768,187100,196,08,017,0.11316397228637413
"Clear Creek County, Colorado",9358,96667,572800,2238,08,019,0.2391536653131011
"Conejos County, Colorado",7536,47209,162100,769,08,021,0.10204352441613589
"Costilla County, Colorado",3571,36519,171300,533,08,023,0.14925791094931393
"Crowley County, Colorado",5734,47563,106700,319,08,025,0.05563306592256714
"Custer County, Colorado",5073,72700,358800,910,08,027,0.17938103686181747
"Delta County, Colorado",31353,58330,318000,3913,08,029,0.12480464389372628
"Denver County, Colorado",713734,91681,586700,177645,08,031,0.24889524668854224
"Dolores County, Colorado",2385,70490,231900,352,08,033,0.14758909853249477
"Douglas County, Colorado",368283,145737,674000,97722,08,035,0.26534485708001726
"Eagle County, Colorado",55374,103174,814700,13541,08,037,0.24453714739769566
"Elbert County, Colorado",27152,129477,664600,4761,08,039,0.17534619917501473
"El Paso County, Colorado",736008,87470,431000,121674,08,041,0.16531613786806665
"Fremont County, Colorado",49394,61027,282100,5758,08,043,0.11657286310078147
"Garfield County, Colorado",62034,86172,490600,8700,08,045,0.140245671728407
"Gilpin County, Colorado",5877,88654,512600,1074,08,047,0.1827462991322103
"Grand County, Colorado",15794,84558,507200,3165,08,049,0.20039255413448145
"Gunnison County, Colorado",17158,77358,597200,4723,08,051,0.2752651824221937
"Hinsdale County, Colorado",939,64327,438800,231,08,053,0.24600638977635783
"Huerfano County, Colorado",6946,52139,256700,786,08,055,0.11315865246184854
"Jackson County, Colorado",1422,41809,250000,171,08,057,0.12025316455696203
"Jefferson County, Colorado",579715,107800,604400,137016,08,059,0.23635062056355277
"Kiowa County, Colorado",1356,56389,148600,130,08,061,0.09587020648967552
"Kit Carson County, Colorado",7015,59810,221400,618,08,063,0.08809693513898788
"Lake County, Colorado",7411,93655,401300,1399,08,065,0.18877344487923356
"La Plata County, Colorado",56088,85296,549100,12097,08,067,0.2156789331051205
"Larimer County, Colorado",363561,91364,532200,75554,08,069,0.2078165699841292
"Las Animas County, Colorado",14392,50408,214500,1230,08,071,0.08546414674819344
"Lincoln County, Colorado",5561,54257,232100,891,08,073,0.16022298147815142
"Logan County, Colorado",21067,55074,228100,1713,08,075,0.08131200455688992
"Mesa County, Colorado",157316,71485,349400,23024,08,077,0.14635510691855882
"Mineral County, Colorado",799,52455,413000,246,08,079,0.3078848560700876
"Moffat County, Colorado",13258,70975,262500,1411,08,081,0.10642630864383769
"Montezuma County, Colorado",26204,63005,308100,3559,08,083,0.1358189589375668
"Montrose County, Colorado",43272,66072,357900,5881,08,085,0.13590774634867814
"Morgan County, Colorado",29186,75407,299300,2166,08,087,0.07421366408552045
"Otero County, Colorado",18460,54897,160700,1501,08,089,0.0813109425785482
"Ouray County, Colorado",5024,84556,670100,1479,08,091,0.29438694267515925
"Park County, Colorado",17739,95450,489300,3754,08,093,0.211624105079204
"Phillips County, Colorado",4491,60372,255300,568,08,095,0.12647517256735694
"Pitkin County, Colorado",17119,100318,1131200,5016,08,097,0.293007769145394
"Prowers County, Colorado",11931,57601,150900,756,08,099,0.06336434498365602
"Pueblo County, Colorado",168726,62250,271800,19072,08,101,0.1130353353958489
"Rio Blanco County, Colorado",6518,72620,243400,802,08,103,0.12304387849033446
"Rio Grande County, Colorado",11394,62166,215400,1785,08,105,0.15666140073723012
"Routt County, Colorado",24990,104803,756200,6252,08,107,0.25018007202881154
"Saguache County, Colorado",6511,54283,200000,777,08,109,0.11933650744893258
"San Juan County, Colorado",690,73889,406900,167,08,111,0.24202898550724639
"San Miguel County, Colorado",8026,80117,613100,2986,08,113,0.37204086718165963
"Sedgwick County, Colorado",2346,52833,142700,315,08,115,0.13427109974424553
"Summit County, Colorado",30857,106255,850700,7808,08,117,0.25303820851022457
"Teller County, Colorado",24774,80666,445000,4368,08,119,0.1763138774521676
"Washington County, Colorado",4839,65164,218300,566,08,121,0.11696631535441207
"Weld County, Colorado",340711,93287,444500,45440,08,123,0.13336816246026692
"Yuma County, Colorado",9921,60051,215600,1061,08,125,0.10694486442898901
"Capitol Planning Region, Connecticut",969029,91541,298200,154618,09,110,0.15955972421877984
"Greater Bridgeport Planning Region, Connecticut",326296,87135,397000,52136,09,120,0.1597813028661093
"Lower Connecticut River Valley Planning Region, Connecticut",174983,101117,359000,32817,09,130,0.1875439328391901
"Naugatuck Valley Planning Region, Connecticut",452303,86365,290800,61123,09,140,0.1351372862881741
"Northeastern Connecticut Planning Region, Connecticut",95829,87564,281300,10581,09,150,0.1104154274801991
"Northwest Hills Planning Region, Connecticut",112848,91035,311700,19137,09,160,0.16958209272649935
"South Central Connecticut Planning Region, Connecticut",566803,86266,328300,84323,09,170,0.14876950192571317
"Southeastern Connecticut Planning Region, Connecticut",279025,84185,293900,37885,09,180,0.1357763641250784
"Western Connecticut Planning Region, Connecticut",621232,124553,625400,129315,09,190,0.20815894866974013
"Kent County, Delaware",185043,72872,290600,20394,10,001,0.11021222094324022
"New Castle County, Delaware",573030,89901,329800,88735,10,003,0.15485227649512243
"Sussex County, Delaware",247799,78162,353300,35210,10,005,0.14209096889010853
"District of Columbia, District of Columbia",672079,106287,724600,126307,11,001,0.187934751718176
"Alachua County, Florida",281751,59659,266800,39406,12,001,0.13986108301301503
"Baker County, Florida",28186,70833,225000,1741,12,003,0.061768253742992975
"Bay County, Florida",181368,70188,276900,23148,12,005,0.1276300119094879
"Bradford County, Florida",27888,59740,180300,1919,12,007,0.06881095811818704
"Brevard County, Florida",620533,75817,304400,94125,12,009,0.15168411671901413
"Broward County, Florida",1946127,74534,380400,307201,12,011,0.15785249369645454
"Calhoun County, Florida",13593,46901,134000,911,12,013,0.06701978959758699
"Charlotte County, Florida",195083,66154,291000,25246,12,015,0.12941158378741358
"Citrus County, Florida",158693,55355,223200,16064,12,017,0.10122689721663841
"Clay County, Florida",223436,86094,281500,29312,12,019,0.13118745412556615
"Collier County, Florida",387681,86173,486800,69373,12,021,0.17894351283658472
"Columbia County, Florida",70755,55070,186400,5548,12,023,0.07841141968765458
"DeSoto County, Florida",34719,50868,151500,1902,12,027,0.05478268383305971
"Dixie County, Florida",16952,47655,96900,659,12,029,0.038874469089193016
"Duval County, Florida",1007189,68447,274900,154023,12,031,0.15292363200948383
"Escambia County, Florida",323275,65715,234200,40614,12,033,0.12563297502126672
"Flagler County, Florida",121710,72923,333400,18920,12,035,0.15545148303344014
"Franklin County, Florida",12418,62734,254300,1385,12,037,0.11153164760831051
"Gadsden County, Florida",43642,46047,154700,3973,12,039,0.09103615782961368
"Gilchrist County, Florida",18494,61070,191000,1159,12,041,0.06266897372120687
"Glades County, Florida",12324,38905,114800,948,12,043,0.07692307692307693
"Gulf County, Florida",14772,67361,235700,1807,12,045,0.12232602220417005
"Hamilton County, Florida",13445,47696,110400,768,12,047,0.057121606545184084
"Hardee County, Florida",25508,54231,129400,1420,12,049,0.05566880978516544
"Hendry County, Florida",40798,53044,189700,2159,12,051,0.05291926074807589
"Hernando County, Florida",201512,63193,240700,20731,12,053,0.10287724800508158
"Highlands County, Florida",103808,55581,177900,10017,12,055,0.09649545314426634
"Hillsborough County, Florida",1489634,75011,333300,238277,12,057,0.15995674105182883
"Holmes County, Florida",19626,48236,101400,1182,12,059,0.060226230510547235
"Indian River County, Florida",163856,71049,314700,25931,12,061,0.15825480910067377
"Jackson County, Florida",47652,47327,113900,2928,12,063,0.061445479728028204
"Jefferson County, Florida",14713,56984,198800,1291,12,065,0.08774553116291715
"Lafayette County, Florida",8035,60692,131600,272,12,067,0.03385189794648413
"Lake County, Florida",398696,69956,287900,51007,12,069,0.1279345666874009
"Lee County, Florida",792692,73099,326300,112874,12,071,0.1423932624525036
"Leon County, Florida",295335,65074,279800,48822,12,073,0.1653105795114023
"Levy County, Florida",44276,53805,171400,3661,12,075,0.08268587948324148
"Liberty County, Florida",7650,53824,117600,470,12,077,0.06143790849673202
"Madison County, Florida",18113,48176,105900,1103,12,079,0.060895489427483025
"Manatee County, Florida",416020,75792,359800,66541,12,081,0.15994663718090477
"Marion County, Florida",387697,58535,220800,41315,12,083,0.10656517847700653
"Martin County, Florida",160464,80701,386500,29362,12,085,0.1829818526273806
"Miami-Dade County, Florida",2685296,68694,425400,393474,12,086,0.146529097723305
"Monroe County, Florida",81840,82430,723800,14615,12,087,0.17858015640273706
"Nassau County, Florida",94653,88900,351100,15047,12,089,0.1589701330121602
"Okaloosa County, Florida",214281,79097,324800,31302,12,091,0.14607921374270233
"Okeechobee County, Florida",40249,52288,179000,3270,12,093,0.08124425451564014
"Orange County, Florida",1440471,77011,358300,240839,12,095,0.16719461898226343
"Osceola County, Florida",406943,68711,317600,53415,12,097,0.1312591689745247
"Palm Beach County, Florida",1507453,81115,407300,266606,12,099,0.1768585819922744
"Pasco County, Florida",588758,67384,265800,77238,12,101,0.13118802631981222
"Pinellas County, Florida",960565,70293,319000,171050,12,103,0.17807228037665332
"Polk County, Florida",760961,63644,240000,80742,12,105,0.10610530631661806
"Putnam County, Florida",74235,47256,147300,5285,12,107,0.07119283356907119
"St. Johns County, Florida",292243,106169,457600,63116,12,109,0.21597095567729596
"St. Lucie County, Florida",346237,69027,305800,41516,12,111,0.11990630695159674
"Santa Rosa County, Florida",193719,88968,302100,27038,12,113,0.13957329946985067
"Sarasota County, Florida",449011,80633,373100,82183,12,115,0.1830311506845044
"Seminole County, Florida",474912,83030,357300,93962,12,117,0.1978513914156728
"Sumter County, Florida",137536,73297,356000,26375,12,119,0.19176797347603536
"Suwannee County, Florida",44484,55479,160900,3258,12,121,0.0732398165632587
"Taylor County, Florida",21422,44985,100200,1684,12,123,0.07861077397068435
"Union County, Florida",15551,64922,160400,727,12,125,0.04674940518294644
"Volusia County, Florida",568229,66581,278000,75136,12,127,0.13222837975534513
"Wakulla County, Florida",34608,74183,216300,3425,12,129,0.09896555709662506
"Walton County, Florida",79846,79281,376400,13232,12,131,0.16571900909250306
"Washington County, Florida",25259,52723,156000,1313,12,133,0.05198147195059187
"Appling County, Georgia",18426,43728,81400,614,13,001,0.03332247910561163
"Atkinson County, Georgia",8261,38438,76300,290,13,003,0.035104708873017795
"Bacon County, Georgia",11129,50310,104100,423,13,005,0.03800880582262557
"Baker County, Georgia",2830,44405,120100,204,13,007,0.07208480565371024
"Baldwin County, Georgia",43669,55413,164700,3839,13,009,0.08791133298220706
"Banks County, Georgia",18757,68830,251700,1546,13,011,0.08242256224342911
"Barrow County, Georgia",86982,77477,255200,8049,13,013,0.09253638683865627
"Bartow County, Georgia",111153,79431,262200,11616,13,015,0.10450460176513454
"Ben Hill County, Georgia",17138,39081,114600,917,13,017,0.05350682693429805
"Berrien County, Georgia",18257,50414,115200,1030,13,019,0.0564167168757189
"Bibb County, Georgia",156543,50747,165800,13337,13,021,0.08519703851337972
"Bleckley County, Georgia",12414,53005,132900,901,13,023,0.07257934589979056
"Brantley County, Georgia",18171,47801,91800,661,13,025,0.03637664410324143
"Brooks County, Georgia",16285,47656,118100,982,13,027,0.06030089038992938
"Bryan County, Georgia",46681,94234,317100,6495,13,029,0.13913583685011033
"Bulloch County, Georgia",81372,56832,191600,8620,13,031,0.10593324485080863
"Burke County, Georgia",24427,50739,107800,1698,13,033,0.06951324354198224
"Butts County, Georgia",26074,59221,227800,1456,13,035,0.05584106773030605
"Calhoun County, Georgia",5528,55714,82200,284,13,037,0.05137481910274964
"Camden County, Georgia",56036,72399,233900,5189,13,039,0.09260118495253052
"Candler County, Georgia",10972,50431,135600,570,13,043,0.051950419248997445
"Carroll County, Georgia",122187,72327,227500,10694,13,045,0.08752158576607987
"Catoosa County, Georgia",68356,72425,214200,7329,13,047,0.10721809351044531
"Charlton County, Georgia",12711,48534,119000,727,13,049,0.05719455589646762
"Chatham County, Georgia",298143,69575,273300,45020,13,051,0.15100136511673928
"Chattahoochee County, Georgia",9181,59221,99800,739,13,053,0.08049232109791962
"Chattooga County, Georgia",24975,47785,98700,1039,13,055,0.041601601601601604
"Cherokee County, Georgia",274539,105442,389800,51466,13,057,0.1874633476482394
"Clarke County, Georgia",129267,52267,271900,18006,13,059,0.139293091044118
"Clay County, Georgia",2853,48715,92500,256,13,061,0.08973010865755346
"Clayton County, Georgia",298771,58507,194500,26504,13,063,0.08871008230383806
"Clinch County, Georgia",6722,55549,86300,423,13,065,0.06292770008925914
"Cobb County, Georgia",769152,98712,373700,166502,13,067,0.21647476701614246
"Coffee County, Georgia",43161,50175,125700,2435,13,069,0.05641667245893283
"Colquitt County, Georgia",45907,49691,121400,2608,13,071,0.05681050820136363
"Columbia County, Georgia",159638,96122,287400,23009,13,073,0.14413234944060938
"Cook County, Georgia",17363,50133,123000,1204,13,075,0.06934285549732189
"Coweta County, Georgia",150071,94142,321900,22536,13,077,0.15016892004451227
"Crawford County, Georgia",12183,60905,144800,674,13,079,0.055322991053106785
"Crisp County, Georgia",19995,42745,120800,1291,13,081,0.06456614153538384
"Dade County, Georgia",16196,58936,166600,1526,13,083,0.09422079525808842
"Dawson County, Georgia",28704,88986,351900,5040,13,085,0.17558528428093645
"Decatur County, Georgia",29118,50485,146200,1727,13,087,0.0593103921972663
"DeKalb County, Georgia",762105,77683,331400,135014,13,089,0.17715931531744314
"Dodge County, Georgia",19909,50152,108700,1336,13,091,0.06710532924807876
"Dooly County, Georgia",11026,56545,96400,775,13,093,0.07028840921458371
"Dougherty County, Georgia",83915,46784,129200,6520,13,095,0.07769767026157422
"Douglas County, Georgia",146141,80764,262200,18094,13,097,0.12381193504902799
"Early County, Georgia",10683,53750,130100,627,13,099,0.058691378826172425
"Echols County, Georgia",3705,61723,112600,193,13,101,0.05209176788124156
"Effingham County, Georgia",67265,85465,245300,8428,13,103,0.12529547312867018
"Elbert County, Georgia",19725,49727,114600,1253,13,105,0.0635234474017744
"Emanuel County, Georgia",22961,50053,88200,1147,13,107,0.04995427028439528
"Evans County, Georgia",10740,53908,139700,654,13,109,0.06089385474860335
"Fannin County, Georgia",25605,58073,274600,2660,13,111,0.10388595977348174
"Fayette County, Georgia",120689,108986,405600,24748,13,113,0.2050559703038388
"Floyd County, Georgia",98985,62540,194100,9328,13,115,0.09423650047987069
"Forsyth County, Georgia",260062,138000,493800,59894,13,117,0.23030661919080836
"Franklin County, Georgia",23840,52264,160600,1589,13,119,0.06665268456375839
"Fulton County, Georgia",1068507,91490,431200,248277,13,121,0.2323587959648369
"Gilmer County, Georgia",31976,72542,278900,3515,13,123,0.10992619464598449
"Glascock County, Georgia",2913,55250,122800,272,13,125,0.09337452797802952
"Glynn County, Georgia",84987,68546,268300,11022,13,127,0.12969042324120159
"Gordon County, Georgia",58336,61997,205600,4103,13,129,0.07033392759188152
"Grady County, Georgia",26056,54312,136500,1629,13,131,0.06251918943813325
"Greene County, Georgia",19586,84530,342200,3395,13,133,0.17333809864188707
"Gwinnett County, Georgia",966972,84823,345700,156415,13,135,0.16175752762230963
"Habersham County, Georgia",46948,65622,212000,4628,13,137,0.09857714918633381
"Hall County, Georgia",208395,77430,313600,23186,13,139,0.11125986707934452
"Hancock County, Georgia",8630,33182,87400,377,13,141,0.043684820393974505
"Haralson County, Georgia",30720,65016,210400,2244,13,143,0.073046875
"Harris County, Georgia",35509,89184,278700,4802,13,145,0.1352333211298544
"Hart County, Georgia",26484,57241,206500,2518,13,147,0.0950762724663948
"Heard County, Georgia",11616,62907,161000,635,13,149,0.05466597796143251
"Henry County, Georgia",245417,81612,277400,29470,13,151,0.12008133095914302
"Houston County, Georgia",166902,80743,205600,20771,13,153,0.1244502762099915
"Irwin County, Georgia",9385,53915,105300,466,13,155,0.04965370271710176
"Jackson County, Georgia",80640,85012,312700,10096,13,157,0.1251984126984127
"Jasper County, Georgia",15345,59574,219700,1192,13,159,0.07768002606712285
"Jeff Davis County, Georgia",14838,40879,109300,670,13,161,0.045154333468122386
"Jefferson County, Georgia",15468,46561,93100,858,13,163,0.05546935608999224
"Jenkins County, Georgia",8674,36906,81100,239,13,165,0.02755360848512797
"Johnson County, Georgia",9192,54183,91200,324,13,167,0.03524804177545692
"Jones County, Georgia",28526,68259,174600,2345,13,169,0.08220570707424806
"Lamar County, Georgia",19098,68457,201400,1424,13,171,0.07456278144308305
"Lanier County, Georgia",10094,44361,161100,801,13,173,0.07935407172577769
"Laurens County, Georgia",49619,49705,137400,3089,13,175,0.06225437836312703
"Lee County, Georgia",33337,88024,226900,3945,13,177,0.1183369829318775
"Liberty County, Georgia",66826,59013,180200,5218,13,179,0.07808338072007902
"Lincoln County, Georgia",7773,50688,163600,559,13,181,0.07191560530039881
"Long County, Georgia",17512,64747,196500,877,13,183,0.05007994518044769
"Lowndes County, Georgia",119055,55887,197900,11738,13,185,0.09859308722859182
"Lumpkin County, Georgia",33931,72388,277200,4026,13,187,0.11865255960625977
"McDuffie County, Georgia",21687,54058,155100,1651,13,189,0.07612855627795453
"McIntosh County, Georgia",11187,50348,173900,1098,13,191,0.09814963797264682
"Macon County, Georgia",11953,37177,87000,657,13,193,0.054965280682673805
"Madison County, Georgia",30914,58784,198800,2117,13,195,0.06848030018761726
"Marion County, Georgia",7474,50484,122100,568,13,197,0.075996788868076
"Meriwether County, Georgia",20757,56458,154600,1167,13,199,0.056221997398467984
"Miller County, Georgia",5873,58407,118300,549,13,201,0.0934786310233271
"Mitchell County, Georgia",21441,51908,105500,948,13,205,0.04421435567370925
"Monroe County, Georgia",28919,82863,243200,3086,13,207,0.10671185034060653
"Montgomery County, Georgia",8675,51188,118200,619,13,209,0.07135446685878963
"Morgan County, Georgia",20614,85692,323100,2770,13,211,0.13437469680799458
"Murray County, Georgia",40282,67880,173300,2380,13,213,0.05908346159574996
"Muscogee County, Georgia",204383,56622,182300,23697,13,215,0.11594408536913539
"Newton County, Georgia",115530,73732,233300,10697,13,217,0.09259066909027958
"Oconee County, Georgia",42788,115925,425100,7676,13,219,0.17939609236234458
"Oglethorpe County, Georgia",15221,69784,198700,1602,13,221,0.10524932658826622
"Paulding County, Georgia",174292,94557,289000,21024,13,223,0.12062515778119477
"Peach County, Georgia",28269,68365,186100,2227,13,225,0.07877887438536914
"Pickens County, Georgia",34197,75293,289600,4316,13,227,0.12620990145334385
"Pierce County, Georgia",19996,56691,132100,1185,13,229,0.05926185237047409
"Pike County, Georgia",19540,84184,265700,1808,13,231,0.0925281473899693
"Polk County, Georgia",43365,55308,163500,2550,13,233,0.0588031822898651
"Pulaski County, Georgia",9893,47688,144300,548,13,235,0.055392701910441725
"Putnam County, Georgia",22524,64163,222000,2994,13,237,0.1329248801278636
"Quitman County, Georgia",2092,36838,103000,80,13,239,0.03824091778202677
"Rabun County, Georgia",17107,61466,272600,2267,13,241,0.13251885193195767
"Randolph County, Georgia",6270,25425,90900,389,13,243,0.062041467304625196
"Richmond County, Georgia",206040,53197,163300,19968,13,245,0.0969132207338381
"Rockdale County, Georgia",94293,72349,256600,11122,13,247,0.11795149162716215
"Schley County, Georgia",4539,59647,152900,338,13,249,0.07446574135272087
"Screven County, Georgia",14057,53017,122300,814,13,251,0.057907092551753574
"Seminole County, Georgia",9117,49559,111600,708,13,253,0.07765712405396512
"Spalding County, Georgia",68215,60217,196600,5178,13,255,0.07590705856483178
"Stephens County, Georgia",26842,52264,168200,1711,13,257,0.06374338722896952
"Stewart County, Georgia",4978,35000,53000,319,13,259,0.06408196062675774
"Sumter County, Georgia",29174,41877,122300,2212,13,261,0.07582093645026393
"Talbot County, Georgia",5753,45098,127200,371,13,263,0.0644880931687815
"Taliaferro County, Georgia",1740,48036,73100,66,13,265,0.03793103448275862
"Tattnall County, Georgia",24215,52351,122400,1378,13,267,0.05690687590336568
"Taylor County, Georgia",7786,41743,82900,626,13,269,0.08040071923966093
"Telfair County, Georgia",12174,44948,108200,470,13,271,0.03860686709380647
"Terrell County, Georgia",8941,43812,111500,415,13,273,0.046415389777429816
"Thomas County, Georgia",45696,60140,185300,4753,13,275,0.10401348039215687
"Tift County, Georgia",41322,53165,143100,2707,13,277,0.06550989787522385
"Toombs County, Georgia",26943,54130,127100,1945,13,279,0.07218943695950711
"Towns County, Georgia",12739,58400,311900,1741,13,281,0.1366669283303242
"Treutlen County, Georgia",6387,43750,98400,432,13,283,0.06763738844527947
"Troup County, Georgia",69821,54905,187800,5926,13,285,0.0848741782558256
"Turner County, Georgia",8915,39565,95200,493,13,287,0.05530005608524958
"Twiggs County, Georgia",7869,55439,104500,411,13,289,0.0522302706824247
"Union County, Georgia",25598,65697,272600,3302,13,291,0.12899445269161652
"Upson County, Georgia",27856,50904,149500,1885,13,293,0.06766944284893739
"Walker County, Georgia",68449,55887,173900,6009,13,295,0.0877879881371532
"Walton County, Georgia",100361,82381,300500,10762,13,297,0.10723288926973626
"Ware County, Georgia",35958,44833,106500,2505,13,299,0.06966460871016185
"Warren County, Georgia",5175,46776,78000,347,13,301,0.06705314009661836
"Washington County, Georgia",19893,44009,115600,1719,13,303,0.0864123058362238
"Wayne County, Georgia",30519,49562,149800,1733,13,305,0.05678429830597333
"Webster County, Georgia",2348,40764,92200,147,13,307,0.06260647359454855
"Wheeler County, Georgia",7434,45262,74600,564,13,309,0.07586763518966909
"White County, Georgia",28454,69747,262200,2669,13,311,0.09380052013776621
"Whitfield County, Georgia",103118,64262,198900,7373,13,313,0.0715006109505615
"Wilcox County, Georgia",8784,48036,71200,460,13,315,0.052367941712204005
"Wilkes County, Georgia",9553,52542,105000,841,13,317,0.08803517219721553
"Wilkinson County, Georgia",8795,46673,90800,483,13,319,0.054917566799317794
"Worth County, Georgia",20575,57201,112400,1139,13,321,0.0553584447144593
"Hawaii County, Hawaii",203684,77215,486400,28088,15,001,0.13789988413424717
"Honolulu County, Hawaii",1003666,104264,873000,167802,15,003,0.16718908481506797
"Kauai County, Hawaii",73610,93612,817900,11014,15,007,0.14962640945523706
"Maui County, Hawaii",164632,95076,858600,23730,15,009,0.1441396569318237
"Ada County, Idaho",508052,88907,476000,99716,16,001,0.19627124782502578
"Adams County, Idaho",4599,59286,327300,484,16,003,0.10524026962383126
"Bannock County, Idaho",88457,64080,267200,11078,16,005,0.1252359903682015
"Bear Lake County, Idaho",6552,67304,234200,597,16,007,0.09111721611721611
"Benewah County, Idaho",9913,56553,255800,924,16,009,0.09321093513568042
"Bingham County, Idaho",48993,76842,258000,4483,16,011,0.0915028677566183
"Blaine County, Idaho",24579,84470,663800,5927,16,013,0.24114081126164613
"Boise County, Idaho",8045,77349,424100,1296,16,015,0.1610938471100062
"Bonner County, Idaho",49456,65168,433400,7017,16,017,0.14188369459721772
"Bonneville County, Idaho",127056,76646,327000,17310,16,019,0.1362391386475255
"Boundary County, Idaho",12695,62438,344100,1038,16,021,0.0817644742024419
"Butte County, Idaho",2654,43281,195800,178,16,023,0.06706857573474001
"Camas County, Idaho",1155,55536,248900,136,16,025,0.11774891774891776
"Canyon County, Idaho",242405,72355,350300,24882,16,027,0.10264639755780615
"Caribou County, Idaho",7118,66653,220200,446,16,029,0.0626580500140489
"Cassia County, Idaho",25165,67042,257300,2086,16,031,0.08289290681502086
"Clark County, Idaho",776,52083,203000,65,16,033,0.08376288659793814
"Clearwater County, Idaho",8921,57961,240800,940,16,035,0.10536935321152337
"Custer County, Idaho",4411,56957,295600,787,16,037,0.17841759238267965
"Elmore County, Idaho",29046,58976,278300,2919,16,039,0.10049576533774014
"Franklin County, Idaho",14715,65991,304000,1342,16,041,0.09119945633707102
"Fremont County, Idaho",13701,72767,281800,1569,16,043,0.11451718852638494
"Gem County, Idaho",19854,66245,367300,2417,16,045,0.12173869245492092
"Gooding County, Idaho",15740,62395,231800,1119,16,047,0.07109275730622618
"Idaho County, Idaho",17120,60975,284600,2064,16,049,0.1205607476635514
"Jefferson County, Idaho",32234,82952,335000,3624,16,051,0.11242787119190917
"Jerome County, Idaho",24788,69338,254000,1377,16,053,0.05555107309988704
"Kootenai County, Idaho",177736,77034,467400,23688,16,055,0.13327631993518477
"Latah County, Idaho",40315,65179,342500,6424,16,057,0.15934515688949522
"Lemhi County, Idaho",8166,52057,282100,857,16,059,0.10494734264021553
"Lewis County, Idaho",3649,49643,202400,386,16,061,0.10578240613866813
"Lincoln County, Idaho",5276,66038,206700,244,16,063,0.04624715693707354
"Madison County, Idaho",53578,58259,365000,5121,16,065,0.09558027548620703
"Minidoka County, Idaho",21922,70060,235300,1326,16,067,0.06048718182647569
"Nez Perce County, Idaho",42477,71466,291300,5372,16,069,0.12646844174494432
"Oneida County, Idaho",4681,72563,228100,539,16,071,0.11514633625293741
"Owyhee County, Idaho",12284,59773,281600,766,16,073,0.06235753826115272
"Payette County, Idaho",26190,65723,310700,2414,16,075,0.09217258495609011
"Power County, Idaho",8018,59760,191200,604,16,077,0.07533050636068846
"Shoshone County, Idaho",13580,49975,222700,728,16,079,0.05360824742268041
"Teton County, Idaho",12101,90740,595900,2900,16,081,0.23964961573423685
"Twin Falls County, Idaho",92121,65338,292700,8289,16,083,0.08997948350538965
"Valley County, Idaho",12136,76125,599500,2397,16,085,0.19751153592617007
"Washington County, Idaho",10866,53608,250300,962,16,087,0.08853303883673845
"Adams County, Illinois",65166,64962,155900,8163,17,001,0.1252647085903692
"Alexander County, Illinois",5042,43523,58700,259,17,003,0.05136850456168187
"Bond County, Illinois",16627,61603,133100,1400,17,005,0.08420039694472846
"Boone County, Illinois",53316,81638,198600,5104,17,007,0.09573111261159876
"Brown County, Illinois",6320,72288,142200,552,17,009,0.08734177215189873
"Bureau County, Illinois",33027,65894,121900,3375,17,011,0.10218911799436825
"Calhoun County, Illinois",4406,92095,174000,415,17,013,0.09418974126191557
"Carroll County, Illinois",15621,60871,113500,1536,17,015,0.09832917226810063
"Cass County, Illinois",12826,64907,95500,1306,17,017,0.10182441914860439
"Champaign County, Illinois",206098,63091,205100,25336,17,019,0.12293180913934147
"Christian County, Illinois",33684,59253,112100,2799,17,021,0.08309583184894906
"Clark County, Illinois",15328,70625,123100,1546,17,023,0.10086116910229645
"Clay County, Illinois",13173,57266,94300,924,17,025,0.07014347529036666
"Clinton County, Illinois",36899,82314,180500,4486,17,027,0.1215751104365972
"Coles County, Illinois",46689,56040,121900,5034,17,029,0.10781982908179658
"Cook County, Illinois",5185812,81797,305200,884983,17,031,0.17065466314629224
"Crawford County, Illinois",18588,67614,113700,1939,17,033,0.10431461157736174
"Cumberland County, Illinois",10378,69826,117700,922,17,035,0.08884178068992099
"DeKalb County, Illinois",100512,69022,231900,12069,17,037,0.12007521489971347
"De Witt County, Illinois",15461,64802,124200,1607,17,039,0.10393894314727378
"Douglas County, Illinois",19686,74186,142600,1847,17,041,0.0938230214365539
"DuPage County, Illinois",927263,110502,374100,195975,17,043,0.21134780531521263
"Edgar County, Illinois",16637,56909,95700,1850,17,045,0.11119793231952876
"Edwards County, Illinois",6118,59386,97500,385,17,047,0.06292906178489703
"Effingham County, Illinois",34505,75380,179800,4232,17,049,0.12264889146500507
"Fayette County, Illinois",21380,57113,114700,1758,17,051,0.0822263797942002
"Ford County, Illinois",13396,60782,118100,1158,17,053,0.08644371454165423
"Franklin County, Illinois",37541,53471,87700,3117,17,055,0.08302922138461949
"Fulton County, Illinois",33259,58617,102500,2928,17,057,0.08803632099582068
"Gallatin County, Illinois",4857,54626,84700,345,17,059,0.07103150092649783
"Greene County, Illinois",11837,60976,94400,945,17,061,0.07983441750443525
"Grundy County, Illinois",52920,93060,259200,5742,17,063,0.10850340136054422
"Hamilton County, Illinois",7972,61520,108800,645,17,065,0.08090817862518816
"Hancock County, Illinois",17434,65044,108400,2155,17,067,0.12360903980727314
"Hardin County, Illinois",3623,57155,91700,207,17,069,0.057134971018492964
"Henderson County, Illinois",6284,65651,101600,678,17,071,0.10789306174411203
"Henry County, Illinois",48948,69912,145300,5790,17,073,0.11828879627359647
"Iroquois County, Illinois",26746,62439,125400,2241,17,075,0.08378823001570328
"Jackson County, Illinois",52706,45572,125000,5798,17,077,0.11000645087845785
"Jasper County, Illinois",9233,71094,122900,910,17,079,0.09855951478392722
"Jefferson County, Illinois",36808,61102,118400,2996,17,081,0.08139534883720931
"Jersey County, Illinois",21336,79104,168800,2023,17,083,0.09481627296587926
"Jo Daviess County, Illinois",21918,74954,193900,3167,17,085,0.1444931106852815
"Johnson County, Illinois",13350,65203,148200,1187,17,087,0.08891385767790262
"Kane County, Illinois",516097,100678,303000,82943,17,089,0.16071203669077713
"Kankakee County, Illinois",106833,68325,185700,8936,17,091,0.08364456675371842
"Kendall County, Illinois",135053,110474,298900,20327,17,093,0.15051128075644377
"Knox County, Illinois",49294,53291,104900,4527,17,095,0.09183673469387756
"Lake County, Illinois",711885,108917,326600,129372,17,097,0.1817315999072884
"LaSalle County, Illinois",109049,72281,154900,9877,17,099,0.09057396216379793
"Lawrence County, Illinois",15137,53438,95500,972,17,101,0.06421351654885381
"Lee County, Illinois",34058,68459,155100,3089,17,103,0.09069822068236538
"Livingston County, Illinois",35659,70796,131500,3168,17,105,0.08884152668330576
"Logan County, Illinois",27870,64188,125900,2638,17,107,0.09465374955148906
"McDonough County, Illinois",27102,50434,103500,2789,17,109,0.10290753449929894
"McHenry County, Illinois",311366,102836,286900,49937,17,111,0.1603803883532563
"McLean County, Illinois",170882,78329,198300,33000,17,113,0.1931157172785899
"Macon County, Illinois",102591,62449,121800,11341,17,115,0.11054575937460401
"Macoupin County, Illinois",44566,68518,126100,4208,17,117,0.09442175649598349
"Madison County, Illinois",264631,74800,167900,36142,17,119,0.13657508001708038
"Marion County, Illinois",37294,60839,100100,3056,17,121,0.08194347616238537
"Marshall County, Illinois",11715,69818,137800,1108,17,123,0.09457959880495091
"Mason County, Illinois",12878,62127,106100,1155,17,125,0.08968783972666564
"Massac County, Illinois",13958,62584,118000,1147,17,127,0.08217509671872761
"Menard County, Illinois",12169,81334,179300,1375,17,129,0.1129920289259594
"Mercer County, Illinois",15619,71710,139300,1408,17,131,0.09014661630065945
"Monroe County, Illinois",34969,101635,265600,6033,17,133,0.17252423575166576
"Montgomery County, Illinois",28078,61863,102200,2402,17,135,0.08554740366122943
"Morgan County, Illinois",32621,65175,128700,3720,17,137,0.11403697004996781
"Moultrie County, Illinois",14469,71676,121500,1266,17,139,0.08749740825212524
"Ogle County, Illinois",51536,79244,184100,5553,17,141,0.10774992238435269
"Peoria County, Illinois",179831,64938,152600,25149,17,143,0.13984796837030322
"Perry County, Illinois",20810,59286,105200,1235,17,145,0.05934646804420952
"Piatt County, Illinois",16702,87516,173200,2454,17,147,0.14692851155550232
"Pike County, Illinois",14625,58029,100100,1439,17,149,0.0983931623931624
"Pope County, Illinois",3757,62500,165300,315,17,151,0.08384349214799042
"Pulaski County, Illinois",5074,43227,81000,254,17,153,0.05005912495072921
"Putnam County, Illinois",5600,77526,167800,665,17,155,0.11875
"Randolph County, Illinois",30142,68870,134100,2057,17,157,0.06824364673876983
"Richland County, Illinois",15675,60404,106600,1364,17,159,0.08701754385964912
"Rock Island County, Illinois",142995,66768,144700,14788,17,161,0.10341620336375398
"St. Clair County, Illinois",254777,70178,168800,30694,17,163,0.12047398313034537
"Saline County, Illinois",23387,54945,92900,2463,17,165,0.10531491854449053
"Sangamon County, Illinois",195217,74114,170300,28645,17,167,0.14673414712858
"Schuyler County, Illinois",6826,66059,106200,668,17,169,0.09786111924992676
"Scott County, Illinois",4847,73013,101700,607,17,171,0.12523210233133897
"Shelby County, Illinois",20867,68457,130400,1984,17,173,0.09507835338093641
"Stark County, Illinois",5324,62284,103500,563,17,175,0.10574755822689708
"Stephenson County, Illinois",44042,61943,127500,4425,17,177,0.10047227646337586
"Tazewell County, Illinois",130555,76704,164500,17957,17,179,0.13754356401516601
"Union County, Illinois",16972,56420,131700,1721,17,181,0.10140230968654254
"Vermilion County, Illinois",73179,54537,92900,4839,17,183,0.06612552781535687
"Wabash County, Illinois",11199,53650,103900,963,17,185,0.08598982051968926
"Warren County, Illinois",16576,64650,101300,1541,17,187,0.0929657335907336
"Washington County, Illinois",13682,75652,149800,1611,17,189,0.11774594357550065
"Wayne County, Illinois",15994,53107,109400,1245,17,191,0.07784169063398774
"White County, Illinois",13708,53097,100100,958,17,193,0.06988619784067698
"Whiteside County, Illinois",55192,64536,125800,4836,17,195,0.08762139440498623
"Will County, Illinois",698450,107799,298000,106194,17,197,0.15204237955472832
"Williamson County, Illinois",66902,65521,145600,7926,17,199,0.1184717945651849
"Winnebago County, Illinois",283289,64363,155100,30185,17,201,0.10655196636650205
"Woodford County, Illinois",38348,85629,193800,6131,17,203,0.15987795973714405
"Adams County, Indiana",35995,63128,173100,2357,18,001,0.06548131684956245
"Allen County, Indiana",388791,68839,194300,52988,18,003,0.13628916307219047
"Bartholomew County, Indiana",82881,80365,221100,11362,18,005,0.13708811428433537
"Benton County, Indiana",8708,61811,135400,911,18,007,0.10461644464859898
"Blackford County, Indiana",12007,47560,96700,749,18,009,0.06238027817106688
"Boone County, Indiana",72827,104865,341800,14739,18,011,0.2023837313084433
"Brown County, Indiana",15543,72644,242500,1829,18,013,0.1176735507945699
"Carroll County, Indiana",20443,64003,167700,1458,18,015,0.07132025632245756
"Cass County, Indiana",37703,56525,118700,2653,18,017,0.07036575338832454
"Clark County, Indiana",122800,72298,212400,14990,18,019,0.12206840390879478
"Clay County, Indiana",26431,67676,128900,2168,18,021,0.08202489500964776
"Clinton County, Indiana",32967,63690,157300,2375,18,023,0.07204173870840537
"Crawford County, Indiana",10494,48993,115400,533,18,025,0.05079092814941871
"Daviess County, Indiana",33442,68561,187500,2246,18,027,0.0671610549608277
"Dearborn County, Indiana",50828,82693,227100,6181,18,029,0.12160620130636657
"Decatur County, Indiana",26411,74228,189900,2638,18,031,0.09988262466396577
"DeKalb County, Indiana",43584,70080,177900,4172,18,033,0.09572320117474302
"Delaware County, Indiana",112109,56932,127600,10543,18,035,0.09404240515926464
"Dubois County, Indiana",43563,71918,212500,5247,18,037,0.12044625025824668
"Elkhart County, Indiana",206868,65617,194400,16723,18,039,0.08083898911383104
"Fayette County, Indiana",23390,56659,114800,2021,18,041,0.08640444634459171
"Floyd County, Indiana",80512,78179,235100,10770,18,043,0.13376887917329094
"Fountain County, Indiana",16546,62526,133200,988,18,045,0.059712317176356826
"Franklin County, Indiana",22929,79702,236700,2055,18,047,0.08962449300013084
"Fulton County, Indiana",20411,62878,144700,1483,18,049,0.07265690069080398
"Gibson County, Indiana",32986,67763,170500,3038,18,051,0.09209967865154914
"Grant County, Indiana",66377,54007,116000,5323,18,053,0.08019344049896801
"Greene County, Indiana",30954,59753,129900,2199,18,055,0.07104089939910835
"Hamilton County, Indiana",357176,117957,379100,91986,18,057,0.25753690057562656
"Hancock County, Indiana",82013,91326,258100,13102,18,059,0.15975516076719545
"Harrison County, Indiana",39785,72468,219200,4182,18,061,0.10511499308784718
"Hendricks County, Indiana",179379,99988,281500,30754,18,063,0.1714470478707095
"Henry County, Indiana",48896,60144,140200,3765,18,065,0.07700016361256544
"Howard County, Indiana",83610,62496,151500,7730,18,067,0.09245305585456286
"Huntington County, Indiana",36757,62734,146400,3839,18,069,0.10444269118807302
"Jackson County, Indiana",46319,70208,174500,4329,18,071,0.09346056693797362
"Jasper County, Indiana",33198,79634,204400,2795,18,073,0.08419181878426411
"Jay County, Indiana",20281,54114,110100,1018,18,075,0.05019476357181599
"Jefferson County, Indiana",33074,59987,180600,2617,18,077,0.07912559714579429
"Jennings County, Indiana",27584,68476,154600,1683,18,079,0.06101363109048724
"Johnson County, Indiana",163983,87227,260400,23120,18,081,0.14099022459645208
"Knox County, Indiana",36108,58863,123500,2749,18,083,0.07613271297219452
"Kosciusko County, Indiana",80357,73922,200300,8657,18,085,0.10773174707866147
"LaGrange County, Indiana",40596,83741,249500,1660,18,087,0.04089072815055671
"Lake County, Indiana",498990,68985,214700,56932,18,089,0.11409447083107878
"LaPorte County, Indiana",112141,70452,180700,11407,18,091,0.10172015587519284
"Lawrence County, Indiana",45077,65551,164500,3846,18,093,0.08532067351420902
"Madison County, Indiana",130949,62632,147700,12120,18,095,0.09255511687756302
"Marion County, Indiana",971822,63450,207000,137893,18,097,0.14189121053032344
"Marshall County, Indiana",46225,68041,184500,4098,18,099,0.08865332612222823
"Martin County, Indiana",9854,65345,150400,567,18,101,0.05754008524457073
"Miami County, Indiana",35772,61130,118000,2928,18,103,0.08185172760818517
"Monroe County, Indiana",139822,63372,261700,19639,18,105,0.14045715266553188
"Montgomery County, Indiana",38155,66571,166300,3259,18,107,0.08541475560214913
"Morgan County, Indiana",72202,79088,220100,7030,18,109,0.09736572394116506
"Newton County, Indiana",13859,68596,159300,1007,18,111,0.07266036510570749
"Noble County, Indiana",47417,70908,183400,3788,18,113,0.07988696037286205
"Ohio County, Indiana",5993,67942,193500,590,18,115,0.09844818955448023
"Orange County, Indiana",19746,64758,143900,1399,18,117,0.07084979236301023
"Owen County, Indiana",21434,59586,162400,1855,18,119,0.08654474199869366
"Parke County, Indiana",16346,66776,139300,904,18,121,0.05530404992046984
"Perry County, Indiana",19218,61099,146000,1627,18,123,0.08466021438234989
"Pike County, Indiana",12187,66250,128400,954,18,125,0.07828013456962336
"Porter County, Indiana",174150,85828,261900,23044,18,127,0.13232271030720644
"Posey County, Indiana",25163,79124,218000,2921,18,129,0.1160831379406271
"Pulaski County, Indiana",12441,59956,134600,805,18,131,0.06470540953299574
"Putnam County, Indiana",37091,76182,205800,3470,18,133,0.09355369227036209
"Randolph County, Indiana",24425,61121,106000,1475,18,135,0.06038894575230297
"Ripley County, Indiana",29039,71084,205300,2306,18,137,0.07941044801818245
"Rush County, Indiana",16734,64393,155900,1278,18,139,0.07637145930441018
"St. Joseph County, Indiana",272574,64885,179800,35053,18,141,0.12859993983285273
"Scott County, Indiana",24468,54583,145400,1256,18,143,0.05133235246035638
"Shelby County, Indiana",45104,71301,188300,4241,18,145,0.09402713728272437
"Spencer County, Indiana",19871,70890,180200,1902,18,147,0.09571737708218006
"Starke County, Indiana",23300,62933,148400,1420,18,149,0.06094420600858369
"Steuben County, Indiana",34648,71483,204300,3794,18,151,0.10950126991456938
"Sullivan County, Indiana",20766,54985,122200,1581,18,153,0.07613406529904652
"Switzerland County, Indiana",9914,65148,183200,494,18,155,0.0498285253177325
"Tippecanoe County, Indiana",187399,58622,217600,23513,18,157,0.12547025330978287
"Tipton County, Indiana",15329,78309,166000,1891,18,159,0.12336094983364863
"Union County, Indiana",7028,79500,162200,737,18,161,0.10486624928856005
"Vanderburgh County, Indiana",179908,60938,172300,22013,18,163,0.1223569824577006
"Vermillion County, Indiana",15452,59363,109500,1367,18,165,0.0884675122961429
"Vigo County, Indiana",106201,52525,140400,10536,18,167,0.0992081053850717
"Wabash County, Indiana",30901,68414,143600,3083,18,169,0.09977023397301059
"Warren County, Indiana",8469,74635,160000,759,18,171,0.08962097059865391
"Warrick County, Indiana",64650,95027,228900,9823,18,173,0.15194122196442383
"Washington County, Indiana",28167,61358,162400,1947,18,175,0.06912344232612631
"Wayne County, Indiana",66377,56652,126100,5559,18,177,0.08374888892236769
"Wells County, Indiana",28261,69741,180000,2576,18,179,0.0911503485368529
"White County, Indiana",24709,66143,163000,2204,18,181,0.08919826783763002
"Whitley County, Indiana",34388,75790,205200,3821,18,183,0.11111434221239967
"Adair County, Iowa",7471,66176,140600,784,19,001,0.10493909784500068
"Adams County, Iowa",3641,68828,116900,524,19,003,0.14391650645427082
"Allamakee County, Iowa",14038,66000,171900,1345,19,005,0.09581136914090327
"Appanoose County, Iowa",12242,51146,119800,1338,19,007,0.1092958666884496
"Audubon County, Iowa",5622,54152,110400,653,19,009,0.11615083600142298
"Benton County, Iowa",25698,84742,198400,3045,19,011,0.11849171141723092
"Black Hawk County, Iowa",130693,64581,182400,16070,19,013,0.12295991369086332
"Boone County, Iowa",26669,79741,191200,3759,19,015,0.1409501668603997
"Bremer County, Iowa",25118,83343,207200,3996,19,017,0.1590890994505932
"Buchanan County, Iowa",20645,78430,171400,2202,19,019,0.10666020828287721
"Buena Vista County, Iowa",20684,66564,146900,1975,19,021,0.09548443241152582
"Butler County, Iowa",14301,69651,156500,1580,19,023,0.11048178449059506
"Calhoun County, Iowa",9858,66875,114400,1056,19,025,0.10712111990261716
"Carroll County, Iowa",20677,68528,175700,2504,19,027,0.12110073995260434
"Cass County, Iowa",13115,61657,133300,1468,19,029,0.11193290125810142
"Cedar County, Iowa",18427,79080,199700,2094,19,031,0.11363759700439573
"Cerro Gordo County, Iowa",42785,65537,154100,5018,19,033,0.11728409489307
"Cherokee County, Iowa",11587,64478,145100,1194,19,035,0.1030465176490895
"Chickasaw County, Iowa",11868,73421,164400,1158,19,037,0.09757330637007078
"Clarke County, Iowa",9690,66821,160200,687,19,039,0.07089783281733746
"Clay County, Iowa",16446,64082,171500,2119,19,041,0.12884591998054237
"Clayton County, Iowa",17069,62326,155700,1413,19,043,0.0827816509461597
"Clinton County, Iowa",46383,65177,153800,5035,19,045,0.10855270249876033
"Crawford County, Iowa",16289,65039,136300,1522,19,047,0.09343728896801523
"Dallas County, Iowa",104136,102349,333400,23408,19,049,0.22478297610816625
"Davis County, Iowa",9127,79505,146000,714,19,051,0.07822942916621015
"Decatur County, Iowa",7669,57146,109500,675,19,053,0.08801669057243448
"Delaware County, Iowa",17549,76205,168700,1677,19,055,0.09556100062681634
"Des Moines County, Iowa",38597,60662,137000,4269,19,057,0.11060445112314428
"Dickinson County, Iowa",17844,74570,251600,3201,19,059,0.17938802958977806
"Dubuque County, Iowa",98948,75919,226100,14411,19,061,0.14564215547560336
"Emmet County, Iowa",9316,65181,106200,747,19,063,0.08018462859596394
"Fayette County, Iowa",19393,58764,130800,1724,19,065,0.08889805599958749
"Floyd County, Iowa",15502,64500,133300,1430,19,067,0.09224616178557606
"Franklin County, Iowa",9977,63648,118500,922,19,069,0.09241254886238348
"Fremont County, Iowa",6570,73750,147500,810,19,071,0.1232876712328767
"Greene County, Iowa",8722,59159,140500,915,19,073,0.1049071313918826
"Grundy County, Iowa",12352,83617,180500,1583,19,075,0.12815738341968913
"Guthrie County, Iowa",10646,79981,163900,1262,19,077,0.11854217546496337
"Hamilton County, Iowa",14893,71750,132300,1685,19,079,0.11314040153092057
"Hancock County, Iowa",10718,70212,129300,1309,19,081,0.12213099458854264
"Hardin County, Iowa",16729,64906,113000,1887,19,083,0.11279813497519278
"Harrison County, Iowa",14645,77027,165300,1591,19,085,0.10863776032775692
"Henry County, Iowa",20228,64604,148600,2124,19,087,0.10500296618548546
"Howard County, Iowa",9459,67336,133900,946,19,089,0.10001057194206575
"Humboldt County, Iowa",9573,66994,146900,985,19,091,0.10289355478951218
"Ida County, Iowa",6944,62841,108800,764,19,093,0.11002304147465437
"Iowa County, Iowa",16547,72185,189800,2027,19,095,0.12249954674563365
"Jackson County, Iowa",19429,71605,170000,1907,19,097,0.0981522466416182
"Jasper County, Iowa",37864,70128,176800,3553,19,099,0.09383583350940207
"Jefferson County, Iowa",15676,56824,161200,2746,19,101,0.17517223781576932
"Johnson County, Iowa",154881,74721,293100,28199,19,103,0.18206881412180964
"Jones County, Iowa",20799,73071,183400,2158,19,105,0.10375498822058753
"Keokuk County, Iowa",9964,60856,112200,796,19,107,0.07988759534323565
"Kossuth County, Iowa",14610,65656,135100,1691,19,109,0.11574264202600958
"Lee County, Iowa",33175,59803,123600,3714,19,111,0.1119517709118312
"Linn County, Iowa",229463,76421,204400,36831,19,113,0.16050953748534622
"Louisa County, Iowa",10710,80223,137600,1040,19,115,0.09710550887021475
"Lucas County, Iowa",8685,67921,117000,605,19,117,0.06966033390903857
"Lyon County, Iowa",12087,72881,215600,1303,19,119,0.10780177049722843
"Madison County, Iowa",16760,89542,236900,2201,19,121,0.13132458233890215
"Mahaska County, Iowa",22045,69019,140900,2490,19,123,0.11295078249036063
"Marion County, Iowa",33551,78059,211100,5138,19,125,0.15313999582724808
"Marshall County, Iowa",39971,72785,134100,3874,19,127,0.09692026719371544
"Mills County, Iowa",14563,87810,228700,2277,19,129,0.15635514660440844
"Mitchell County, Iowa",10548,68704,164100,1201,19,131,0.11386044747819492
"Monona County, Iowa",8619,62944,122600,783,19,133,0.09084580577793247
"Monroe County, Iowa",7546,72518,135900,779,19,135,0.10323350119268486
"Montgomery County, Iowa",10254,63190,109900,994,19,137,0.09693778037838892
"Muscatine County, Iowa",42735,69512,172400,4632,19,139,0.10838890838890838
"O'Brien County, Iowa",14103,68216,158900,1689,19,141,0.11976175281854924
"Osceola County, Iowa",6114,69138,123800,470,19,143,0.07687275106313379
"Page County, Iowa",15168,57752,120000,1471,19,145,0.09698048523206751
"Palo Alto County, Iowa",8902,68963,119300,942,19,147,0.10581891709728151
"Plymouth County, Iowa",25699,81600,218600,3203,19,149,0.12463519981322231
"Pocahontas County, Iowa",7040,63423,93300,732,19,151,0.10397727272727272
"Polk County, Iowa",497441,81621,248400,88699,19,153,0.17831059361813764
"Pottawattamie County, Iowa",93407,71446,183600,10234,19,155,0.10956352307642896
"Poweshiek County, Iowa",18582,64837,184200,2017,19,157,0.10854590463889786
"Ringgold County, Iowa",4664,69821,150300,612,19,159,0.1312178387650086
"Sac County, Iowa",9759,70991,138400,1104,19,161,0.11312634491238857
"Scott County, Iowa",174302,76363,212500,26844,19,163,0.15400855985588233
"Shelby County, Iowa",11757,67690,156200,1319,19,165,0.11218848345666411
"Sioux County, Iowa",35984,84736,235600,4580,19,167,0.12727879057358826
"Story County, Iowa",98592,69006,243600,16019,19,169,0.1624776858162934
"Tama County, Iowa",16982,67955,139900,1601,19,171,0.0942762925450477
"Taylor County, Iowa",5901,67279,109700,486,19,173,0.08235892221657347
"Union County, Iowa",12038,56813,117800,1408,19,175,0.11696295065625519
"Van Buren County, Iowa",7236,60183,118800,683,19,177,0.09438916528468767
"Wapello County, Iowa",35265,60034,112900,2829,19,179,0.08022118247554232
"Warren County, Iowa",53484,92990,252800,8040,19,181,0.15032533094009423
"Washington County, Iowa",22539,71339,199600,2517,19,183,0.11167309996006922
"Wayne County, Iowa",6518,59118,102300,500,19,185,0.07671064743786438
"Webster County, Iowa",36848,68054,138500,3809,19,187,0.10337060356057316
"Winnebago County, Iowa",10648,63719,132300,1361,19,189,0.12781743050338093
"Winneshiek County, Iowa",19972,75652,239000,2852,19,191,0.142799919887843
"Woodbury County, Iowa",105760,70147,172000,10508,19,193,0.099357034795764
"Worth County, Iowa",7380,76875,142300,791,19,195,0.10718157181571816
"Wright County, Iowa",12817,64033,109800,1563,19,197,0.12194741359132402
"Allen County, Kansas",12491,57618,100400,1222,20,001,0.09783043791529901
"Anderson County, Kansas",7819,64925,147900,446,20,003,0.05704054226883233
"Atchison County, Kansas",16211,62164,147900,1397,20,005,0.08617605329714391
"Barber County, Kansas",4153,57615,92700,617,20,007,0.14856730074644836
"Barton County, Kansas",25275,56733,117200,2794,20,009,0.11054401582591493
"Bourbon County, Kansas",14384,67555,107600,1564,20,011,0.10873192436040044
"Brown County, Kansas",9415,58886,111100,826,20,013,0.08773234200743495
"Butler County, Kansas",67916,80375,199600,9271,20,015,0.13650686141704457
"Chase County, Kansas",2579,54518,106200,417,20,017,0.16169057774331136
"Chautauqua County, Kansas",3370,54592,63300,326,20,019,0.09673590504451039
"Cherokee County, Kansas",19236,58274,99400,1855,20,021,0.09643377001455604
"Cheyenne County, Kansas",2628,55765,119300,294,20,023,0.11187214611872145
"Clark County, Kansas",1987,65515,78400,319,20,025,0.16054353296426774
"Clay County, Kansas",8071,63136,149600,993,20,027,0.12303308140255234
"Cloud County, Kansas",8973,57333,96300,845,20,029,0.09417140309818343
"Coffey County, Kansas",8304,67377,139500,849,20,031,0.10223988439306358
"Comanche County, Kansas",1685,49417,59900,189,20,033,0.11216617210682493
"Cowley County, Kansas",34487,58263,111600,3518,20,035,0.102009452837301
"Crawford County, Kansas",38963,50311,122400,4750,20,037,0.121910530503298
"Decatur County, Kansas",2746,52030,78500,475,20,039,0.17297887836853607
"Dickinson County, Kansas",18423,67982,148500,2001,20,041,0.10861423220973783
"Doniphan County, Kansas",7492,72833,121200,550,20,043,0.07341163908168713
"Douglas County, Kansas",119547,68756,281600,20500,20,045,0.17148067287343052
"Edwards County, Kansas",2817,53792,70500,295,20,047,0.10472133475328363
"Elk County, Kansas",2464,56087,60900,259,20,049,0.10511363636363637
"Ellis County, Kansas",28870,59889,211100,4306,20,051,0.1491513682022861
"Ellsworth County, Kansas",6366,66792,116300,719,20,053,0.11294376374489476
"Finney County, Kansas",38001,72437,191100,2958,20,055,0.07784005684060946
"Ford County, Kansas",34133,70495,132700,2862,20,057,0.08384847508276448
"Franklin County, Kansas",25994,72142,187400,2779,20,059,0.10690928675848273
"Geary County, Kansas",35895,57344,165000,3040,20,061,0.08469146120629614
"Gove County, Kansas",2796,63203,119000,292,20,063,0.1044349070100143
"Graham County, Kansas",2406,52909,88800,327,20,065,0.13591022443890274
"Grant County, Kansas",7284,72484,146200,694,20,067,0.09527732015376167
"Gray County, Kansas",5696,77885,174700,735,20,069,0.1290379213483146
"Greeley County, Kansas",1296,78819,108900,179,20,071,0.1381172839506173
"Greenwood County, Kansas",5956,58276,82600,557,20,073,0.0935191403626595
"Hamilton County, Kansas",2485,61929,119700,253,20,075,0.10181086519114688
"Harper County, Kansas",5446,55417,77300,571,20,077,0.10484759456481821
"Harvey County, Kansas",33823,73269,173300,4788,20,079,0.14156047659876417
"Haskell County, Kansas",3695,69138,154800,333,20,081,0.09012178619756428
"Hodgeman County, Kansas",1676,63125,92700,274,20,083,0.16348448687350836
"Jackson County, Kansas",13277,72703,193600,1156,20,085,0.08706786171574904
"Jefferson County, Kansas",18391,77393,200800,2015,20,087,0.10956446087760317
"Jewell County, Kansas",2909,52344,62100,322,20,089,0.11069095909247163
"Johnson County, Kansas",614764,107261,366000,144484,20,091,0.23502352122115153
"Kearny County, Kansas",3910,74135,152500,278,20,093,0.0710997442455243
"Kingman County, Kansas",7284,59819,107400,862,20,095,0.11834157056562328
"Kiowa County, Kansas",2422,73214,152400,351,20,097,0.1449215524360033
"Labette County, Kansas",19949,55439,92100,1960,20,099,0.09825053887412903
"Lane County, Kansas",1497,53042,119000,184,20,101,0.1229124916499666
"Leavenworth County, Kansas",82493,86906,260600,11965,20,103,0.14504260967597252
"Lincoln County, Kansas",2924,53546,92600,296,20,105,0.1012311901504788
"Linn County, Kansas",9723,59200,164500,1080,20,107,0.11107682813946312
"Logan County, Kansas",2720,71389,116600,387,20,109,0.14227941176470588
"Lyon County, Kansas",32145,59078,142200,3011,20,111,0.09366931093482657
"McPherson County, Kansas",30130,77701,198400,4304,20,113,0.14284766013939595
"Marion County, Kansas",11795,63438,114400,1560,20,115,0.13225943196269604
"Marshall County, Kansas",10001,70828,119500,907,20,117,0.09069093090690931
"Meade County, Kansas",3949,74868,122000,344,20,119,0.08711066092681692
"Miami County, Kansas",34625,88000,277700,4966,20,121,0.14342238267148014
"Mitchell County, Kansas",5767,58233,109600,689,20,123,0.11947286284029825
"Montgomery County, Kansas",31143,53242,92100,3012,20,125,0.09671515268278585
"Morris County, Kansas",5388,56716,120900,788,20,127,0.14625092798812175
"Morton County, Kansas",2647,65625,95600,233,20,129,0.08802417831507367
"Nemaha County, Kansas",10213,77375,196100,1397,20,131,0.13678644864388526
"Neosho County, Kansas",15715,55704,101200,1583,20,133,0.10073178491886732
"Ness County, Kansas",2659,66107,85400,344,20,135,0.12937194433997742
"Norton County, Kansas",5392,50305,106300,574,20,137,0.1064540059347181
"Osage County, Kansas",15780,70216,142800,1604,20,139,0.10164765525982256
"Osborne County, Kansas",3473,59408,84700,426,20,141,0.12266052404261446
"Ottawa County, Kansas",5782,76755,164100,744,20,143,0.12867519889311657
"Pawnee County, Kansas",6220,63625,102400,622,20,145,0.1
"Phillips County, Kansas",4874,61235,94700,547,20,147,0.1122281493639721
"Pottawatomie County, Kansas",25808,87694,223000,3829,20,149,0.14836484810911346
"Pratt County, Kansas",9120,64348,114500,991,20,151,0.10866228070175439
"Rawlins County, Kansas",2533,65000,99400,247,20,153,0.09751283063560995
"Reno County, Kansas",61693,60498,125000,5990,20,155,0.09709367351239201
"Republic County, Kansas",4662,53611,76000,546,20,157,0.11711711711711711
"Rice County, Kansas",9389,63947,105500,974,20,159,0.10373841729683672
"Riley County, Kansas",71710,59560,231200,9495,20,161,0.13240831125366057
"Rooks County, Kansas",4869,61596,90000,638,20,163,0.13103306633805709
"Rush County, Kansas",2957,60288,79300,343,20,165,0.11599594183293879
"Russell County, Kansas",6717,53902,106400,604,20,167,0.08992109572725919
"Saline County, Kansas",53801,63316,171900,7103,20,169,0.13202356833516105
"Scott County, Kansas",5071,67788,170100,755,20,171,0.1488858213370144
"Sedgwick County, Kansas",524810,67675,190700,69501,20,173,0.1324307844743812
"Seward County, Kansas",21640,62269,134000,1211,20,175,0.05596118299445471
"Shawnee County, Kansas",178315,66043,170400,24507,20,177,0.13743655889857836
"Sheridan County, Kansas",2442,70000,152000,277,20,179,0.11343161343161343
"Sherman County, Kansas",5919,64444,126300,710,20,181,0.11995269471194459
"Smith County, Kansas",3579,57024,91000,495,20,183,0.1383067896060352
"Stafford County, Kansas",4004,63786,96700,548,20,185,0.13686313686313686
"Stanton County, Kansas",2018,70361,64200,216,20,187,0.10703666997026759
"Stevens County, Kansas",5212,61909,124500,362,20,189,0.06945510360706063
"Sumner County, Kansas",22386,60348,118700,2661,20,191,0.11886893594210668
"Thomas County, Kansas",7913,73575,165900,1045,20,193,0.1320611651712372
"Trego County, Kansas",2778,73375,115400,466,20,195,0.1677465802735781
"Wabaunsee County, Kansas",6961,70536,178200,813,20,197,0.1167935641430829
"Wallace County, Kansas",1459,60263,94200,187,20,199,0.1281699794379712
"Washington County, Kansas",5519,62452,106100,609,20,201,0.11034607718789635
"Wichita County, Kansas",2115,71282,98700,202,20,203,0.09550827423167849
"Wilson County, Kansas",8559,57056,93900,944,20,205,0.11029325855824279
"Woodson County, Kansas",3118,48152,77100,375,20,207,0.12026940346375882
"Wyandotte County, Kansas",167277,60582,152700,13650,20,209,0.08160117649168744
"Adair County, Kentucky",19016,50316,134800,1260,21,001,0.06625999158603281
"Allen County, Kentucky",21029,59029,176300,1509,21,003,0.07175804840933948
"Anderson County, Kentucky",24098,71747,213200,2898,21,005,0.12025894265084239
"Ballard County, Kentucky",7678,64740,132900,712,21,007,0.09273248241729617
"Barren County, Kentucky",44670,49171,166900,3411,21,009,0.07635997313633311
"Bath County, Kentucky",12812,54128,111800,737,21,011,0.05752419606618795
"Bell County, Kentucky",23878,32403,83000,1489,21,013,0.0623586565038948
"Boone County, Kentucky",137676,94752,253200,20422,21,015,0.14833376913913826
"Bourbon County, Kentucky",20174,56322,211600,2085,21,017,0.10335084762565679
"Boyd County, Kentucky",48043,60659,126300,3572,21,019,0.07435006140332619
"Boyle County, Kentucky",30708,61635,200700,3244,21,021,0.10564022404585124
"Bracken County, Kentucky",8427,59521,116400,540,21,023,0.06407974368102527
"Breathitt County, Kentucky",13438,41101,61800,805,21,025,0.05990474773031701
"Breckinridge County, Kentucky",20722,53673,141400,1364,21,027,0.06582376218511726
"Bullitt County, Kentucky",83209,77640,233700,7318,21,029,0.08794721724813422
"Butler County, Kentucky",12373,52003,105500,441,21,031,0.035642123979633074
"Caldwell County, Kentucky",12631,57618,113500,945,21,033,0.0748159290634154
"Calloway County, Kentucky",37882,51854,181200,4131,21,035,0.10904915263185681
"Campbell County, Kentucky",93193,77271,234500,15916,21,037,0.17078535941540673
"Carlisle County, Kentucky",4763,62019,104700,284,21,039,0.05962628595423053
"Carroll County, Kentucky",10878,57753,129800,403,21,041,0.03704725133296562
"Carter County, Kentucky",26515,50389,126100,1573,21,043,0.05932491042805959
"Casey County, Kentucky",15951,41689,135700,743,21,045,0.04658015171462604
"Christian County, Kentucky",72599,54190,149200,5717,21,047,0.07874764115208198
"Clark County, Kentucky",37004,67824,197900,3625,21,049,0.09796238244514106
"Clay County, Kentucky",20105,39607,87300,1086,21,051,0.054016413827406115
"Clinton County, Kentucky",9240,42168,114000,586,21,053,0.06341991341991342
"Crittenden County, Kentucky",8972,47003,115700,434,21,055,0.04837271511368703
"Cumberland County, Kentucky",5948,39662,128600,403,21,057,0.06775386684599866
"Daviess County, Kentucky",103195,65323,185800,10431,21,059,0.10108047870536363
"Edmonson County, Kentucky",12243,54512,136600,514,21,061,0.04198317405864576
"Elliott County, Kentucky",7336,40074,97400,198,21,063,0.02699018538713195
"Estill County, Kentucky",14079,43905,111900,666,21,065,0.04730449605795866
"Fayette County, Kentucky",321122,67631,272100,55502,21,067,0.1728377376822516
"Fleming County, Kentucky",15221,49663,115200,1028,21,069,0.06753826949609093
"Floyd County, Kentucky",35342,41582,93300,2144,21,071,0.0606643653443495
"Franklin County, Kentucky",51563,66470,198700,6690,21,073,0.1297441964199135
"Fulton County, Kentucky",6440,36834,78100,628,21,075,0.09751552795031056
"Gallatin County, Kentucky",8749,62247,169400,539,21,077,0.06160704080466339
"Garrard County, Kentucky",17346,62572,186800,1225,21,079,0.07062146892655367
"Grant County, Kentucky",25238,67940,185500,1534,21,081,0.06078136143909977
"Graves County, Kentucky",36612,50576,139000,2482,21,083,0.0677919807713318
"Grayson County, Kentucky",26586,49893,160100,1371,21,085,0.05156849469645678
"Green County, Kentucky",11278,41087,118900,698,21,087,0.06189040610037241
"Greenup County, Kentucky",35639,59613,135300,2536,21,089,0.07115800106624764
"Hancock County, Kentucky",9032,66836,137600,668,21,091,0.07395925597874226
"Hardin County, Kentucky",111452,67608,205900,11190,21,093,0.10040196676596203
"Harlan County, Kentucky",26185,37198,73100,1137,21,095,0.04342180637769715
"Harrison County, Kentucky",18971,63205,188900,1586,21,097,0.08360128617363344
"Hart County, Kentucky",19470,49653,124600,794,21,099,0.040780688238315356
"Henderson County, Kentucky",44493,58239,165700,3892,21,101,0.08747443418065763
"Henry County, Kentucky",15774,60736,181300,1082,21,103,0.06859388867757069
"Hickman County, Kentucky",4470,63750,92300,291,21,105,0.06510067114093959
"Hopkins County, Kentucky",45143,57610,128800,2862,21,107,0.06339853354894447
"Jackson County, Kentucky",13003,41410,107000,594,21,109,0.045681765746366225
"Jefferson County, Kentucky",777392,67849,237200,116188,21,111,0.14945870294523225
"Jessamine County, Kentucky",53792,74886,245100,6308,21,113,0.11726650803093397
"Johnson County, Kentucky",22464,43014,125300,1439,21,115,0.06405804843304844
"Kenton County, Kentucky",169817,79421,227500,27996,21,117,0.16485981968825264
"Knott County, Kentucky",14046,37736,74600,810,21,119,0.05766766339171294
"Knox County, Kentucky",30034,33153,109200,1425,21,121,0.04744622760871013
"Larue County, Kentucky",15028,67770,177500,787,21,123,0.05236891136545116
"Laurel County, Kentucky",62731,56999,143400,3944,21,125,0.06287162646857215
"Lawrence County, Kentucky",16171,45584,108100,940,21,127,0.058128748995114714
"Lee County, Kentucky",7375,34182,82100,324,21,129,0.04393220338983051
"Leslie County, Kentucky",10261,40176,74100,482,21,131,0.04697397914433291
"Letcher County, Kentucky",21146,40501,70500,1040,21,133,0.049181878369431574
"Lewis County, Kentucky",13028,41632,86100,575,21,135,0.04413570770647835
"Lincoln County, Kentucky",24415,50862,139300,1577,21,137,0.06459143968871596
"Livingston County, Kentucky",8941,59713,116300,497,21,139,0.055586623420199086
"Logan County, Kentucky",27731,61535,151500,1965,21,141,0.07085932710684793
"Lyon County, Kentucky",8831,64464,183600,649,21,143,0.07349111085947231
"McCracken County, Kentucky",67584,62385,182900,7991,21,145,0.11823804450757576
"McCreary County, Kentucky",16905,37355,77000,630,21,147,0.037267080745341616
"McLean County, Kentucky",9127,70549,145600,673,21,149,0.07373726306562946
"Madison County, Kentucky",94064,62407,220700,11953,21,151,0.1270730566422861
"Magoffin County, Kentucky",11495,33632,88300,367,21,153,0.031926924749891256
"Marion County, Kentucky",19680,55404,158700,868,21,155,0.04410569105691057
"Marshall County, Kentucky",31728,63611,173700,2887,21,157,0.09099218356026223
"Martin County, Kentucky",11181,46185,84900,545,21,159,0.04874340398890976
"Mason County, Kentucky",16995,51473,157500,1362,21,161,0.08014121800529568
"Meade County, Kentucky",30032,70163,195000,2471,21,163,0.08227890250399574
"Menifee County, Kentucky",6203,44672,111500,327,21,165,0.05271642753506368
"Mercer County, Kentucky",22824,63115,189700,2162,21,167,0.0947248510339993
"Metcalfe County, Kentucky",10372,48572,103100,510,21,169,0.04917084458156575
"Monroe County, Kentucky",11318,49430,116300,454,21,171,0.04011309418625199
"Montgomery County, Kentucky",28271,57468,163800,2264,21,173,0.08008206289130204
"Morgan County, Kentucky",13938,47493,106000,917,21,175,0.06579136174487014
"Muhlenberg County, Kentucky",30712,52672,121300,1553,21,177,0.05056655379004949
"Nelson County, Kentucky",47102,67888,224100,4613,21,179,0.09793639335909303
"Nicholas County, Kentucky",7655,53616,119600,288,21,181,0.03762246897452645
"Ohio County, Kentucky",23704,54369,113400,1246,21,183,0.052564967937900775
"Oldham County, Kentucky",68600,121491,375000,12008,21,185,0.17504373177842567
"Owen County, Kentucky",11270,59706,165000,1009,21,187,0.08952972493345164
"Owsley County, Kentucky",4021,31064,79900,201,21,189,0.049987565282268095
"Pendleton County, Kentucky",14683,66601,160800,1123,21,191,0.07648300755976299
"Perry County, Kentucky",27847,45261,90700,1211,21,193,0.043487628828958236
"Pike County, Kentucky",57466,42179,104200,3609,21,195,0.06280235269550691
"Powell County, Kentucky",13057,39811,142400,924,21,197,0.07076663858466722
"Pulaski County, Kentucky",65503,50943,156300,4530,21,199,0.06915713784101492
"Robertson County, Kentucky",2239,52337,123400,144,21,201,0.0643144260830728
"Rockcastle County, Kentucky",16144,48367,119300,675,21,203,0.04181119920713578
"Rowan County, Kentucky",24525,53657,155900,1805,21,205,0.07359836901121304
"Russell County, Kentucky",18117,50520,148200,1029,21,207,0.056797483026991225
"Scott County, Kentucky",58269,83660,264200,8138,21,209,0.13966259932382571
"Shelby County, Kentucky",48599,82671,277500,6646,21,211,0.1367517850161526
"Simpson County, Kentucky",19786,57392,195700,1401,21,213,0.07080764176690589
"Spencer County, Kentucky",19875,98333,297600,1912,21,215,0.09620125786163522
"Taylor County, Kentucky",26205,61871,163700,2382,21,217,0.09089868345735547
"Todd County, Kentucky",12330,57759,157400,770,21,219,0.062449310624493104
"Trigg County, Kentucky",14211,54630,192000,1150,21,221,0.08092322848497642
"Trimble County, Kentucky",8531,67813,172700,531,21,223,0.062243582229515884
"Union County, Kentucky",13379,60989,109000,726,21,225,0.054264145302339487
"Warren County, Kentucky",137549,64801,242600,17406,21,227,0.1265439952307905
"Washington County, Kentucky",12091,59762,168300,972,21,229,0.08039037300471424
"Wayne County, Kentucky",19592,41933,121700,1090,21,231,0.05563495304205798
"Webster County, Kentucky",12873,58786,97600,710,21,233,0.055154198710479295
"Whitley County, Kentucky",36755,41719,120600,2195,21,235,0.059719766018228815
"Wolfe County, Kentucky",6484,29052,66400,136,21,237,0.020974706971005553
"Woodford County, Kentucky",27017,80006,270400,4447,21,239,0.16460006662471777
"Acadia Parish, Louisiana",57218,45266,146900,3666,22,001,0.06407074696773743
"Allen Parish, Louisiana",22552,51138,110800,1223,22,003,0.054230223483504786
"Ascension Parish, Louisiana",128593,92266,265300,15836,22,005,0.12314822735296634
"Assumption Parish, Louisiana",20720,52546,141200,1322,22,007,0.0638030888030888
"Avoyelles Parish, Louisiana",39176,39439,120200,1789,22,009,0.04566571370226669
"Beauregard Parish, Louisiana",36646,64995,164500,2910,22,011,0.07940839382197239
"Bienville Parish, Louisiana",12769,34992,93600,880,22,013,0.06891690813689404
"Bossier Parish, Louisiana",129134,66336,215100,14380,22,015,0.11135719485185931
"Caddo Parish, Louisiana",232973,50067,175900,23675,22,017,0.10162121790937147
"Calcasieu Parish, Louisiana",208668,67849,208500,22612,22,019,0.10836352483370713
"Caldwell Parish, Louisiana",9563,44957,106000,564,22,021,0.05897730837603263
"Cameron Parish, Louisiana",5222,72500,183300,318,22,023,0.06089620834929146
"Catahoula Parish, Louisiana",8738,47753,88000,618,22,025,0.07072556649118791
"Claiborne Parish, Louisiana",14019,31784,82400,743,22,027,0.05299950067765176
"Concordia Parish, Louisiana",18325,37349,102400,1322,22,029,0.0721418826739427
"De Soto Parish, Louisiana",26897,46077,150700,1776,22,031,0.06602966873629029
"East Baton Rouge Parish, Louisiana",452821,63075,241800,64592,22,033,0.1426435611422615
"East Carroll Parish, Louisiana",7195,28321,87400,444,22,035,0.06170952050034746
"East Feliciana Parish, Louisiana",19378,72899,213700,1636,22,037,0.08442563732067293
"Evangeline Parish, Louisiana",32162,42273,118500,1975,22,039,0.061407872644736024
"Franklin Parish, Louisiana",19590,44103,117200,1416,22,041,0.07228177641653905
"Grant Parish, Louisiana",22123,61112,135900,1506,22,043,0.06807395018758758
"Iberia Parish, Louisiana",69194,57811,156000,4781,22,045,0.06909558632251352
"Iberville Parish, Louisiana",29950,57459,177100,2380,22,047,0.07946577629382304
"Jackson Parish, Louisiana",14939,43345,107400,983,22,049,0.06580092375661022
"Jefferson Parish, Louisiana",432484,65246,243500,57636,22,051,0.1332673578675743
"Jefferson Davis Parish, Louisiana",32083,56500,145000,1995,22,053,0.06218246423339463
"Lafayette Parish, Louisiana",245075,67660,234200,40252,22,055,0.16424359889829643
"Lafourche Parish, Louisiana",96670,63439,190800,9020,22,057,0.09330712734043653
"LaSalle Parish, Louisiana",14804,67077,137200,1294,22,059,0.08740880843015401
"Lincoln Parish, Louisiana",48160,38035,195500,5189,22,061,0.10774501661129568
"Livingston Parish, Louisiana",145583,78617,218900,13790,22,063,0.09472259810554803
"Madison Parish, Louisiana",9757,37267,90600,631,22,065,0.06467151788459567
"Morehouse Parish, Louisiana",24967,36981,108700,1397,22,067,0.055953859094004084
"Natchitoches Parish, Louisiana",37047,46798,163000,3336,22,069,0.0900477771479472
"Orleans Parish, Louisiana",376035,55339,296400,60434,22,071,0.160713763346497
"Ouachita Parish, Louisiana",158916,51241,183000,18310,22,073,0.11521810264542275
"Plaquemines Parish, Louisiana",23070,82874,275800,2124,22,075,0.09206762028608582
"Pointe Coupee Parish, Louisiana",20438,59351,174500,1584,22,077,0.077502691065662
"Rapides Parish, Louisiana",128470,55946,179100,12117,22,079,0.09431773955008951
"Red River Parish, Louisiana",7529,44539,103200,362,22,081,0.048080754416257136
"Richland Parish, Louisiana",19908,52960,124500,1472,22,083,0.07394012457303596
"Sabine Parish, Louisiana",22085,52047,129400,1528,22,085,0.06918723115236586
"St. Bernard Parish, Louisiana",44172,57638,192100,3282,22,087,0.07430046183102418
"St. Charles Parish, Louisiana",51863,82172,256800,6937,22,089,0.1337562424078823
"St. Helena Parish, Louisiana",10849,50193,106400,711,22,091,0.06553599410083878
"St. James Parish, Louisiana",19797,64536,197800,2075,22,093,0.10481386068596252
"St. John the Baptist Parish, Louisiana",41342,67418,184000,3298,22,095,0.0797735958589328
"St. Landry Parish, Louisiana",82128,45637,142900,4986,22,097,0.06071011104617183
"St. Martin Parish, Louisiana",51559,53394,151000,3870,22,099,0.07505964041195523
"St. Mary Parish, Louisiana",48455,51768,128000,2907,22,101,0.05999380868847384
"St. Tammany Parish, Louisiana",269331,79277,272200,43862,22,103,0.16285537127178082
"Tangipahoa Parish, Louisiana",135218,57256,204600,12994,22,105,0.09609667351979766
"Tensas Parish, Louisiana",3992,36074,80300,216,22,107,0.05410821643286573
"Terrebonne Parish, Louisiana",107362,64819,189100,8274,22,109,0.07706637357724334
"Union Parish, Louisiana",20914,45743,115400,1764,22,111,0.08434541455484365
"Vermilion Parish, Louisiana",57031,57537,159700,4857,22,113,0.08516420893899809
"Vernon Parish, Louisiana",47764,58281,143500,4194,22,115,0.08780671635541412
"Washington Parish, Louisiana",45238,42776,139400,2632,22,117,0.05818117511826341
"Webster Parish, Louisiana",36189,37396,105600,2218,22,119,0.061289342065268454
"West Baton Rouge Parish, Louisiana",27666,87320,225900,3330,22,121,0.12036434612882238
"West Carroll Parish, Louisiana",9622,48514,97600,586,22,123,0.060902099355643315
"West Feliciana Parish, Louisiana",15381,74277,263200,1719,22,125,0.1117612638970158
"Winn Parish, Louisiana",13506,46368,102600,1138,22,127,0.08425884791944321
"Androscoggin County, Maine",112323,67298,232000,12348,23,001,0.10993296119227584
"Aroostook County, Maine",67227,54254,131700,7765,23,003,0.11550418730569563
"Cumberland County, Maine",305940,92983,411400,70012,23,005,0.22884225665163105
"Franklin County, Maine",30145,58522,176700,4289,23,007,0.1422789849062863
"Hancock County, Maine",56084,69630,278400,10506,23,009,0.1873261536267028
"Kennebec County, Maine",125614,65062,219900,17349,23,011,0.1381135860652475
"Knox County, Maine",40860,71903,290800,7721,23,013,0.1889623103279491
"Lincoln County, Maine",35840,72026,306200,6676,23,015,0.18627232142857142
"Oxford County, Maine",58728,57933,192300,6574,23,017,0.11193979021931617
"Penobscot County, Maine",153571,63248,193800,20953,23,019,0.136438520293545
"Piscataquis County, Maine",17125,55234,153300,2109,23,021,0.12315328467153284
"Sagadahoc County, Maine",37093,82080,300200,6784,23,023,0.18289165071576846
"Somerset County, Maine",50852,56199,155200,5488,23,025,0.10792102572170219
"Waldo County, Maine",40006,68441,239100,5987,23,027,0.14965255211718242
"Washington County, Maine",31261,52237,147100,3767,23,029,0.1205015834426282
"York County, Maine",214731,82904,357200,35385,23,031,0.16478757142657557
"Allegany County, Maryland",67762,57393,149200,5640,24,001,0.08323249018624007
"Anne Arundel County, Maryland",590936,120324,450300,103249,24,003,0.174721120392056
"Baltimore County, Maryland",849586,90904,330000,135838,24,005,0.15988728627825788
"Calvert County, Maryland",93791,132059,440200,12614,24,009,0.1344905161476048
"Caroline County, Maryland",33406,66368,272400,2323,24,011,0.06953840627432198
"Carroll County, Maryland",174318,115876,406400,29204,24,013,0.16753289964318085
"Cecil County, Maryland",104366,91146,311800,11635,24,015,0.11148266676887109
"Charles County, Maryland",168710,120592,402300,20308,24,017,0.12037223638195721
"Dorchester County, Maryland",32612,60495,252300,2521,24,019,0.07730283331289096
"Frederick County, Maryland",280341,120458,437700,47393,24,021,0.1690548296538858
"Garrett County, Maryland",28713,69031,217000,2877,24,023,0.10019851635147843
"Harford County, Maryland",262509,111317,367300,41497,24,025,0.15807838969330576
"Howard County, Maryland",333916,146982,576700,69773,24,027,0.20895374884701542
"Kent County, Maryland",19265,74402,307100,2770,24,029,0.14378406436542954
"Montgomery County, Maryland",1057586,128733,615200,199428,24,031,0.18856906199590387
"Prince George's County, Maryland",955584,100708,404300,133084,24,033,0.139269807782466
"Queen Anne's County, Maryland",50951,113347,441800,8205,24,035,0.16103707483660773
"St. Mary's County, Maryland",114372,114580,390900,15325,24,037,0.1339925855978736
"Somerset County, Maryland",24685,52462,164300,1916,24,039,0.07761798663155763
"Talbot County, Maryland",37707,84378,398300,6614,24,041,0.17540509719680697
"Washington County, Maryland",155033,74157,275900,14857,24,043,0.0958312101294563
"Wicomico County, Maryland",104117,72861,238900,11663,24,045,0.11201821028266278
"Worcester County, Maryland",53279,81455,348100,8061,24,047,0.15129788472005856
"Baltimore city, Maryland",577193,59623,219300,73130,24,510,0.1266993882462192
"Barnstable County, Massachusetts",230073,94452,575900,46953,25,001,0.2040787054543558
"Berkshire County, Massachusetts",128047,72565,283800,19480,25,003,0.15213163916374456
"Bristol County, Massachusetts",578436,84198,421800,79826,25,005,0.1380031671611034
"Dukes County, Massachusetts",20751,102348,1104100,4170,25,007,0.20095417088333092
"Essex County, Massachusetts",807258,99431,584000,140926,25,009,0.17457368028560882
"Franklin County, Massachusetts",70922,72584,303400,11576,25,011,0.16322156735568652
"Hampden County, Massachusetts",462853,70535,276300,54356,25,013,0.11743685360146743
"Hampshire County, Massachusetts",156595,86391,363400,24534,25,015,0.15667166895494747
"Middlesex County, Massachusetts",1622896,126779,687200,330513,25,017,0.20365630329978016
"Nantucket County, Massachusetts",14299,119750,1387000,3878,25,019,0.2712077767676061
"Norfolk County, Massachusetts",724540,126497,649400,153763,25,021,0.21222154746459823
"Plymouth County, Massachusetts",531889,109698,513000,96359,25,023,0.181163739050817
"Suffolk County, Massachusetts",782172,92859,680700,147849,25,025,0.1890236418588239
"Worcester County, Massachusetts",861664,93561,390700,135457,25,027,0.1572039681360716
"Alcona County, Michigan",10310,53568,157500,1073,26,001,0.10407371483996121
"Alger County, Michigan",8813,59406,165700,947,26,003,0.10745489617610349
"Allegan County, Michigan",120913,80255,247000,14721,26,005,0.12174869534293252
"Alpena County, Michigan",28908,51909,137800,2435,26,007,0.08423273834232739
"Antrim County, Michigan",23876,71421,222500,3855,26,009,0.1614592058971352
"Arenac County, Michigan",15054,56989,129000,1193,26,011,0.07924804038793676
"Baraga County, Michigan",8249,55117,124400,663,26,013,0.0803733785913444
"Barry County, Michigan",62982,77873,243700,7391,26,015,0.11735098917150932
"Bay County, Michigan",103235,60523,135100,10924,26,017,0.10581682568896207
"Benzie County, Michigan",18177,72603,254400,2950,26,019,0.16229300764702645
"Berrien County, Michigan",153411,63152,211400,19480,26,021,0.1269791605556316
"Branch County, Michigan",44914,61958,147500,3708,26,023,0.08255777708509596
"Calhoun County, Michigan",133846,60385,151500,13333,26,025,0.09961448231549691
"Cass County, Michigan",51606,68011,205200,4951,26,027,0.0959384567685928
"Charlevoix County, Michigan",26143,76495,242800,4034,26,029,0.15430516773132388
"Cheboygan County, Michigan",25778,61619,175200,2695,26,031,0.10454651253006439
"Chippewa County, Michigan",36448,60631,153100,3464,26,033,0.0950395083406497
"Clare County, Michigan",31109,49805,117400,1771,26,035,0.05692886302999132
"Clinton County, Michigan",79419,85928,243700,11766,26,037,0.14815094624711972
"Crawford County, Michigan",13271,58614,149900,1211,26,039,0.09125160123577726
"Delta County, Michigan",36829,54829,146800,3905,26,041,0.10603057373265633
"Dickinson County, Michigan",25940,61882,130300,3237,26,043,0.12478797224363916
"Eaton County, Michigan",109000,78025,206700,15490,26,045,0.14211009174311925
"Emmet County, Michigan",34159,73724,275300,5855,26,047,0.17140431511461107
"Genesee County, Michigan",404087,60673,172900,41695,26,049,0.10318322539453137
"Gladwin County, Michigan",25543,55576,153200,2057,26,051,0.0805308695141526
"Gogebic County, Michigan",14348,49672,99700,1578,26,053,0.10998048508502928
"Grand Traverse County, Michigan",95757,79486,296200,16401,26,055,0.17127729565462577
"Gratiot County, Michigan",41478,61128,136800,3738,26,057,0.09012006364819905
"Hillsdale County, Michigan",45658,60869,170500,3838,26,059,0.08405974856542117
"Houghton County, Michigan",37428,56573,140300,4459,26,061,0.11913540664742973
"Huron County, Michigan",31258,56963,141300,2739,26,063,0.08762556785462922
"Ingham County, Michigan",282015,64354,187500,39479,26,065,0.13998900767689662
"Ionia County, Michigan",66706,73436,189400,6042,26,067,0.09057655982970048
"Iosco County, Michigan",25333,47777,122900,2072,26,069,0.08179054987565626
"Iron County, Michigan",11650,53614,101500,1248,26,071,0.1071244635193133
"Isabella County, Michigan",64475,53759,165100,6201,26,073,0.0961768127181078
"Jackson County, Michigan",160187,65004,182900,17268,26,075,0.10779900990717099
"Kalamazoo County, Michigan",261437,70525,227500,40744,26,077,0.15584634156603694
"Kalkaska County, Michigan",18116,60365,174300,1507,26,079,0.08318613380437183
"Kent County, Michigan",658844,80390,265700,112569,26,081,0.1708583519012088
"Keweenaw County, Michigan",2106,53893,181400,436,26,083,0.2070275403608737
"Lake County, Michigan",12393,49680,122900,893,26,085,0.07205680626159928
"Lapeer County, Michigan",88703,76228,229100,8526,26,087,0.09611850782949843
"Leelanau County, Michigan",22607,91943,406900,5219,26,089,0.23085769894280533
"Lenawee County, Michigan",98823,67013,181100,9915,26,091,0.10033089462979267
"Livingston County, Michigan",195143,101315,331100,37008,26,093,0.18964554198715813
"Luce County, Michigan",6325,54338,110400,511,26,095,0.08079051383399209
"Mackinac County, Michigan",10865,58598,165600,1282,26,097,0.11799355729406351
"Macomb County, Michigan",877624,76399,231400,109806,26,099,0.12511736233284412
"Manistee County, Michigan",25247,60879,166600,3161,26,101,0.12520299441517804
"Marquette County, Michigan",66430,64675,202000,10842,26,103,0.16320939334637966
"Mason County, Michigan",29177,62296,199300,3250,26,105,0.11138910785892998
"Mecosta County, Michigan",40321,57774,169900,3917,26,107,0.09714540809999753
"Menominee County, Michigan",23295,55688,142700,2196,26,109,0.09426915647134579
"Midland County, Michigan",83641,77538,184300,13148,26,111,0.15719563372030462
"Missaukee County, Michigan",15156,61868,163700,1307,26,113,0.08623647400369491
"Monroe County, Michigan",155001,75272,215700,16562,26,115,0.10685092354242876
"Montcalm County, Michigan",67174,64892,172100,4779,26,117,0.07114359722511686
"Montmorency County, Michigan",9372,47803,142000,774,26,119,0.08258642765685019
"Muskegon County, Michigan",175378,63495,180900,18266,26,121,0.1041521741609552
"Newaygo County, Michigan",50414,61931,178300,4477,26,123,0.08880469710794621
"Oakland County, Michigan",1272294,95296,320400,258455,26,125,0.203140940694525
"Oceana County, Michigan",26788,63624,167600,2610,26,127,0.09743168582947588
"Ogemaw County, Michigan",20853,51983,138600,1697,26,129,0.08137917805591521
"Ontonagon County, Michigan",5870,51844,101000,506,26,131,0.08620102214650767
"Osceola County, Michigan",23122,57050,139600,1785,26,133,0.07719920422108814
"Oscoda County, Michigan",8338,50581,126000,647,26,135,0.07759654593427681
"Otsego County, Michigan",25352,67285,196500,3044,26,137,0.1200694225307668
"Ottawa County, Michigan",298614,87144,291200,46554,26,139,0.15590025919749242
"Presque Isle County, Michigan",13142,56713,135200,1428,26,141,0.10865926038654695
"Roscommon County, Michigan",23639,54106,148000,2258,26,143,0.095520115064089
"Saginaw County, Michigan",189210,58347,139400,19466,26,145,0.10288039744199566
"St. Clair County, Michigan",160089,69349,213900,14712,26,147,0.09189888124730619
"St. Joseph County, Michigan",60870,64707,167600,4453,26,149,0.07315590602924264
"Sanilac County, Michigan",40574,59074,162200,3001,26,151,0.07396362202395623
"Schoolcraft County, Michigan",8093,57708,123500,816,26,153,0.10082787594217225
"Shiawassee County, Michigan",68061,64464,164600,6494,26,155,0.09541440766371344
"Tuscola County, Michigan",53071,62847,136900,4036,26,157,0.07604906634508489
"Van Buren County, Michigan",75681,66902,189900,7564,26,159,0.09994582524015275
"Washtenaw County, Michigan",368394,87156,353000,63851,26,161,0.17332258397259456
"Wayne County, Michigan",1773767,59521,170200,195928,26,163,0.11045870173478253
"Wexford County, Michigan",33868,63123,160300,3244,26,165,0.09578363056572575
"Aitkin County, Minnesota",15930,59498,235100,1615,27,001,0.10138104205900816
"Anoka County, Minnesota",367095,98764,325800,57286,27,003,0.1560522480556804
"Becker County, Minnesota",35260,71117,266900,4594,27,005,0.13028927963698242
"Beltrami County, Minnesota",46421,67257,222300,5869,27,007,0.126429848559919
"Benton County, Minnesota",41458,71480,247100,4761,27,009,0.11483911428433595
"Big Stone County, Minnesota",5152,65475,135700,486,27,011,0.09433229813664597
"Blue Earth County, Minnesota",69386,72623,252800,9436,27,013,0.13599285158389302
"Brown County, Minnesota",25826,68690,181700,2950,27,015,0.11422597382482769
"Carlton County, Minnesota",36457,80042,232000,4419,27,017,0.1212112900128919
"Carver County, Minnesota",108622,123144,426900,24514,27,019,0.225681721934783
"Cass County, Minnesota",30688,64937,262300,4084,27,021,0.13308133472367048
"Chippewa County, Minnesota",12388,69192,149000,1133,27,023,0.09145947691314175
"Chisago County, Minnesota",57434,98260,326600,6754,27,025,0.11759584914858795
"Clay County, Minnesota",65628,77664,256000,10454,27,027,0.15929176570975803
"Clearwater County, Minnesota",8579,64934,177100,756,27,029,0.0881221587597622
"Cook County, Minnesota",5633,71643,294000,1247,27,031,0.22137404580152673
"Cottonwood County, Minnesota",11458,68239,154000,1310,27,033,0.11433059870832606
"Crow Wing County, Minnesota",67113,71343,274400,9315,27,035,0.13879576237092664
"Dakota County, Minnesota",442204,105212,362100,90169,27,037,0.20390815098913623
"Dodge County, Minnesota",20962,92943,267500,3006,27,039,0.14340234710428396
"Douglas County, Minnesota",39354,77264,291700,5627,27,041,0.1429841947451339
"Faribault County, Minnesota",13909,64391,120200,1622,27,043,0.11661514127543317
"Fillmore County, Minnesota",21346,75225,204000,2351,27,045,0.11013773072238359
"Freeborn County, Minnesota",30752,69012,164900,2695,27,047,0.08763657648283038
"Goodhue County, Minnesota",47844,82749,269400,6422,27,049,0.1342279073656049
"Grant County, Minnesota",6108,72957,178600,597,27,051,0.09774066797642436
"Hennepin County, Minnesota",1268903,96339,376500,295747,27,053,0.23307297720944783
"Houston County, Minnesota",18768,77087,226300,2764,27,055,0.14727195225916453
"Hubbard County, Minnesota",21700,70622,255900,3201,27,057,0.14751152073732718
"Isanti County, Minnesota",41934,86573,283200,4103,27,059,0.09784423141126532
"Itasca County, Minnesota",45141,66380,212000,5399,27,061,0.11960302164329545
"Jackson County, Minnesota",9964,69955,145400,1277,27,063,0.1281613809714974
"Kanabec County, Minnesota",16261,71915,221100,1164,27,065,0.07158231351085419
"Kandiyohi County, Minnesota",43757,75097,230500,5644,27,067,0.12898507667344652
"Kittson County, Minnesota",4163,69615,134400,611,27,069,0.14676915685803507
"Koochiching County, Minnesota",11950,69115,143700,1331,27,071,0.11138075313807531
"Lac qui Parle County, Minnesota",6694,71639,143400,833,27,073,0.12443979683298476
"Lake County, Minnesota",10911,75621,222900,1326,27,075,0.12152873247181743
"Lake of the Woods County, Minnesota",3800,70091,215000,431,27,077,0.11342105263157895
"Le Sueur County, Minnesota",28936,90218,287700,3680,27,079,0.1271772186895217
"Lincoln County, Minnesota",5594,67715,152200,672,27,081,0.12012870933142653
"Lyon County, Minnesota",25498,72761,193100,3341,27,083,0.13102988469683896
"McLeod County, Minnesota",36771,78468,233400,3350,27,085,0.09110440292621903
"Mahnomen County, Minnesota",5371,53925,146500,335,27,087,0.06237199776577918
"Marshall County, Minnesota",8961,71701,153300,948,27,089,0.10579176431201875
"Martin County, Minnesota",19864,62969,158800,2182,27,091,0.10984695932339911
"Meeker County, Minnesota",23422,75037,228900,2239,27,093,0.09559388609000086
"Mille Lacs County, Minnesota",26912,71455,237500,2233,27,095,0.08297413793103449
"Morrison County, Minnesota",34131,68640,237000,3134,27,097,0.09182268319123378
"Mower County, Minnesota",40069,71495,172000,4079,27,099,0.10179939604182785
"Murray County, Minnesota",8119,74475,179400,1036,27,101,0.12760192141889395
"Nicollet County, Minnesota",34350,80362,258500,5237,27,103,0.1524599708879185
"Nobles County, Minnesota",22067,65509,179200,1825,27,105,0.08270267820727784
"Norman County, Minnesota",6411,69833,135700,761,27,107,0.11870223054125721
"Olmsted County, Minnesota",163425,93494,304500,30188,27,109,0.18472081994798836
"Otter Tail County, Minnesota",60281,70912,252500,8019,27,111,0.1330269902622717
"Pennington County, Minnesota",13877,72561,188900,1386,27,113,0.09987749513583627
"Pine County, Minnesota",29411,69666,225600,2501,27,115,0.08503621094148447
"Pipestone County, Minnesota",9352,66073,126700,932,27,117,0.09965782720273739
"Polk County, Minnesota",30905,69136,211100,4248,27,119,0.1374534864908591
"Pope County, Minnesota",11363,72205,242800,1386,27,121,0.12197483059051308
"Ramsey County, Minnesota",544438,81004,304900,100769,27,123,0.1850881092061906
"Red Lake County, Minnesota",3922,77500,157200,392,27,125,0.09994900560938297
"Redwood County, Minnesota",15383,67024,150400,1585,27,127,0.1030358187609699
"Renville County, Minnesota",14587,69086,151900,1492,27,129,0.10228285459655857
"Rice County, Minnesota",67389,82792,298500,7825,27,131,0.11611687367374497
"Rock County, Minnesota",9628,70698,201600,1247,27,133,0.12951807228915663
"Roseau County, Minnesota",15301,73611,177100,1701,27,135,0.11116920462714855
"St. Louis County, Minnesota",200056,69455,208500,28652,27,137,0.14321989842844005
"Scott County, Minnesota",152957,120247,393500,30298,27,139,0.19808181384310622
"Sherburne County, Minnesota",99178,102965,332700,13010,27,141,0.13117828550686644
"Sibley County, Minnesota",14933,76082,215000,1594,27,143,0.10674345409495747
"Stearns County, Minnesota",159358,76447,256500,18445,27,145,0.11574567953915084
"Steele County, Minnesota",37413,83448,234200,5199,27,147,0.13896239275118275
"Stevens County, Minnesota",9686,71060,180800,1333,27,149,0.13762130910592607
"Swift County, Minnesota",9787,62601,147100,1292,27,151,0.13201185245734137
"Todd County, Minnesota",25402,63039,188400,1885,27,153,0.07420675537359263
"Traverse County, Minnesota",3279,65931,110100,302,27,155,0.09210125038121378
"Wabasha County, Minnesota",21519,80133,245800,2798,27,157,0.13002462939727683
"Wadena County, Minnesota",14135,56882,170500,1248,27,159,0.08829147506190307
"Waseca County, Minnesota",18958,75052,213200,2105,27,161,0.1110349192952843
"Washington County, Minnesota",272298,114457,400900,58213,27,163,0.21378416293913285
"Watonwan County, Minnesota",11169,70593,151600,1001,27,165,0.0896230638374071
"Wilkin County, Minnesota",6413,69635,172300,762,27,167,0.11882114455013254
"Winona County, Minnesota",49705,70198,222900,6535,27,169,0.13147570666934916
"Wright County, Minnesota",145270,106666,332800,23133,27,171,0.15924141254216287
"Yellow Medicine County, Minnesota",9509,71573,148200,917,27,173,0.09643495635713535
"Adams County, Mississippi",29098,40250,106300,2387,28,001,0.08203312942470273
"Alcorn County, Mississippi",34500,49404,132300,2822,28,003,0.08179710144927536
"Amite County, Mississippi",12611,35385,89800,353,28,005,0.027991436047894697
"Attala County, Mississippi",17685,48098,107600,1136,28,007,0.06423522759400623
"Benton County, Mississippi",7592,42139,109300,382,28,009,0.050316122233930456
"Bolivar County, Mississippi",30163,37315,123600,3087,28,011,0.10234393130656765
"Calhoun County, Mississippi",13029,43942,82900,756,28,013,0.058024407091871975
"Carroll County, Mississippi",9828,55275,105500,1079,28,015,0.10978835978835978
"Chickasaw County, Mississippi",16994,43041,100400,884,28,017,0.052018359420972105
"Choctaw County, Mississippi",8172,48321,104500,600,28,019,0.07342143906020558
"Claiborne County, Mississippi",8908,34371,80800,371,28,021,0.041647956892680735
"Clarke County, Mississippi",15424,46054,114300,1125,28,023,0.07293827800829876
"Clay County, Mississippi",18462,39904,115600,1400,28,025,0.07583143754739465
"Coahoma County, Mississippi",20808,36259,86400,1477,28,027,0.07098231449442523
"Copiah County, Mississippi",27994,47994,105600,2529,28,029,0.09034078731156676
"Covington County, Mississippi",18226,47001,98500,1268,28,031,0.06957094260945901
"DeSoto County, Mississippi",188598,82980,248700,22812,28,033,0.12095568351732255
"Forrest County, Mississippi",78027,52821,152900,7831,28,035,0.10036269496456354
"Franklin County, Mississippi",7655,45618,95100,577,28,037,0.07537557152188112
"George County, Mississippi",24870,54822,168100,1984,28,039,0.07977482911137918
"Greene County, Mississippi",13595,55838,94200,717,28,041,0.05273997793306363
"Grenada County, Mississippi",21342,47998,123400,2055,28,043,0.09628900759066629
"Hancock County, Mississippi",46057,67728,206600,4642,28,045,0.10078815380941007
"Harrison County, Mississippi",209443,57233,199300,22638,28,047,0.1080866870699904
"Hinds County, Mississippi",222494,49966,151200,25831,28,049,0.11609751274191664
"Holmes County, Mississippi",16491,29434,76500,1020,28,051,0.061851919228670185
"Humphreys County, Mississippi",7570,32976,88800,500,28,053,0.06605019815059446
"Issaquena County, Mississippi",1095,29271,90700,33,28,055,0.030136986301369864
"Itawamba County, Mississippi",23942,59508,122400,1400,28,057,0.05847464706373737
"Jackson County, Mississippi",144437,64756,181700,16576,28,059,0.1147628377770239
"Jasper County, Mississippi",16211,47157,118600,967,28,061,0.05965085435815187
"Jefferson County, Mississippi",7127,36207,81400,591,28,063,0.08292409148309246
"Jefferson Davis County, Mississippi",11183,37183,87100,628,28,065,0.05615666636859519
"Jones County, Mississippi",66839,51143,126800,5406,28,067,0.08088092281452446
"Kemper County, Mississippi",8855,43595,90200,610,28,069,0.06888763410502541
"Lafayette County, Mississippi",56920,64334,260500,7665,28,071,0.13466268446943078
"Lamar County, Mississippi",65081,69106,218700,8837,28,073,0.1357846376054455
"Lauderdale County, Mississippi",71984,50033,124500,6623,28,075,0.09200655701266948
"Lawrence County, Mississippi",11883,43368,104600,632,28,077,0.05318522258688883
"Leake County, Mississippi",21288,48418,114600,1551,28,079,0.07285794813979707
"Lee County, Mississippi",83138,67144,187800,10028,28,081,0.12061873030383219
"Leflore County, Mississippi",27432,33188,98200,1635,28,083,0.059601924759405074
"Lincoln County, Mississippi",34830,48316,131800,2918,28,085,0.08377835199540626
"Lowndes County, Mississippi",58187,54460,157400,6667,28,087,0.11457885782047536
"Madison County, Mississippi",110303,78794,286300,21021,28,089,0.19057505235578362
"Marion County, Mississippi",24303,42320,117000,1283,28,091,0.0527918363987985
"Marshall County, Mississippi",33899,51875,172200,2138,28,093,0.06306970707100504
"Monroe County, Mississippi",33928,51231,115200,2557,28,095,0.07536547983966045
"Montgomery County, Mississippi",9708,45057,110700,722,28,097,0.07437165224557066
"Neshoba County, Mississippi",28927,53087,96600,1482,28,099,0.051232412624883324
"Newton County, Mississippi",21151,50426,102700,1206,28,101,0.05701858068176446
"Noxubee County, Mississippi",10136,38814,85200,384,28,103,0.037884767166535126
"Oktibbeha County, Mississippi",51473,43482,219500,6099,28,105,0.11848930507256232
"Panola County, Mississippi",32965,43990,121500,2217,28,107,0.06725314727741544
"Pearl River County, Mississippi",56781,56535,174500,4573,28,109,0.08053750374244906
"Perry County, Mississippi",11459,50435,126000,501,28,111,0.04372109259097653
"Pike County, Mississippi",39930,41578,110500,2444,28,113,0.06120711244678187
"Pontotoc County, Mississippi",31312,52741,141700,2162,28,115,0.06904701073071028
"Prentiss County, Mississippi",24999,51466,116500,1902,28,117,0.07608304332173287
"Quitman County, Mississippi",5908,32131,68600,452,28,119,0.07650643195666892
"Rankin County, Mississippi",158218,77454,223400,23119,28,121,0.146121174581906
"Scott County, Mississippi",27754,48492,89900,1384,28,123,0.04986668588311595
"Sharkey County, Mississippi",3848,35741,108000,215,28,125,0.055873180873180876
"Simpson County, Mississippi",25817,54111,111600,2002,28,127,0.07754580315296122
"Smith County, Mississippi",14193,51396,114000,842,28,129,0.059325019375748606
"Stone County, Mississippi",18515,59307,163300,1094,28,131,0.05908722657304888
"Sunflower County, Mississippi",25328,40265,103400,1708,28,133,0.06743524952621605
"Tallahatchie County, Mississippi",12363,37383,82200,619,28,135,0.05006875353878509
"Tate County, Mississippi",28135,63995,173000,2026,28,137,0.0720099520170606
"Tippah County, Mississippi",21621,51141,128400,1388,28,139,0.0641968456593127
"Tishomingo County, Mississippi",18738,46257,132500,1255,28,141,0.06697619810011742
"Tunica County, Mississippi",9586,38402,154500,781,28,143,0.08147298143125391
"Union County, Mississippi",28009,56807,159100,2124,28,145,0.07583276803884466
"Walthall County, Mississippi",13864,45444,120600,717,28,147,0.05171667628390075
"Warren County, Mississippi",43623,56648,144400,4831,28,149,0.11074433211837792
"Washington County, Mississippi",43674,40117,99300,3747,28,151,0.08579475202637725
"Wayne County, Mississippi",19699,36791,88000,1072,28,153,0.054419006040915784
"Webster County, Mississippi",9942,59964,109500,806,28,155,0.08107020720177027
"Wilkinson County, Mississippi",8376,35930,80200,459,28,157,0.05479942693409742
"Winston County, Mississippi",17609,49071,121200,1515,28,159,0.08603555000283945
"Yalobusha County, Mississippi",12439,49171,97200,571,28,161,0.045904011576493285
"Yazoo County, Mississippi",26837,40974,129200,1685,28,163,0.06278645154078324
"Adair County, Missouri",25224,56583,159500,2272,29,001,0.09007294640025372
"Andrew County, Missouri",18086,74007,196200,2146,29,003,0.11865531350215637
"Atchison County, Missouri",5216,59260,100600,613,29,005,0.11752300613496933
"Audrain County, Missouri",24688,56232,121600,1765,29,007,0.07149222294232016
"Barry County, Missouri",34831,56611,172900,2218,29,009,0.06367890672102437
"Barton County, Missouri",11685,49503,136000,1087,29,011,0.0930252460419341
"Bates County, Missouri",16121,57914,154800,1060,29,013,0.06575274486694374
"Benton County, Missouri",19887,52200,164700,1268,29,015,0.06376024538643335
"Bollinger County, Missouri",10591,57286,142400,625,29,017,0.05901236899254084
"Boone County, Missouri",185874,69913,254100,32131,29,019,0.17286441352744333
"Buchanan County, Missouri",83855,59423,156600,9127,29,021,0.10884264504203685
"Butler County, Missouri",42166,49213,138800,2894,29,023,0.06863349618175782
"Caldwell County, Missouri",8890,62520,156700,761,29,025,0.08560179977502812
"Callaway County, Missouri",44541,72645,196200,5320,29,027,0.11944051548011944
"Camden County, Missouri",43416,62927,270700,5298,29,029,0.12202874516307352
"Cape Girardeau County, Missouri",82180,68912,208300,11495,29,031,0.1398758822097834
"Carroll County, Missouri",8459,61712,110500,736,29,033,0.08700792055798558
"Carter County, Missouri",5269,45083,147600,250,29,035,0.047447333459859554
"Cass County, Missouri",109393,87413,269000,14178,29,037,0.12960609911054638
"Cedar County, Missouri",14440,45577,162500,1097,29,039,0.07596952908587258
"Chariton County, Missouri",7406,63307,118900,643,29,041,0.086821496084256
"Christian County, Missouri",91229,81245,249700,12400,29,043,0.1359216915673744
"Clark County, Missouri",6680,51458,117600,411,29,045,0.06152694610778443
"Clay County, Missouri",255566,86150,256400,41232,29,047,0.16133601496286673
"Clinton County, Missouri",21259,70625,204300,2204,29,049,0.10367373818147609
"Cole County, Missouri",76924,73273,214400,12605,29,051,0.16386303364359628
"Cooper County, Missouri",16835,67548,197100,1818,29,053,0.10798930798930799
"Crawford County, Missouri",22890,56345,166000,1443,29,055,0.06304062909567497
"Dade County, Missouri",7627,49899,157200,634,29,057,0.0831257375114724
"Dallas County, Missouri",17344,53177,151200,901,29,059,0.05194880073800738
"Daviess County, Missouri",8449,60665,149200,621,29,061,0.07349982246419695
"DeKalb County, Missouri",11176,69093,167500,844,29,063,0.07551896921975662
"Dent County, Missouri",14506,54306,149700,1154,29,065,0.07955328829449883
"Douglas County, Missouri",11850,49828,164400,915,29,067,0.07721518987341772
"Dunklin County, Missouri",27795,47368,93800,1140,29,069,0.04101457096600108
"Franklin County, Missouri",105316,71973,214900,11088,29,071,0.1052831478597744
"Gasconade County, Missouri",14774,65096,168900,1361,29,073,0.09212129416542575
"Gentry County, Missouri",6224,57458,123000,565,29,075,0.09077763496143959
"Greene County, Missouri",301121,57488,203500,40646,29,077,0.13498228286967698
"Grundy County, Missouri",9822,53839,107000,703,29,079,0.07157401751170842
"Harrison County, Missouri",8198,53364,107400,602,29,081,0.07343254452305441
"Henry County, Missouri",22194,56621,153500,1615,29,083,0.07276741461656304
"Hickory County, Missouri",8501,35084,123200,571,29,085,0.06716856840371721
"Holt County, Missouri",4254,58516,122300,417,29,087,0.09802538787023977
"Howard County, Missouri",10141,62628,145300,1078,29,089,0.10630115373237353
"Howell County, Missouri",40168,49814,161000,2990,29,091,0.07443736307508464
"Iron County, Missouri",9482,51161,113000,788,29,093,0.08310483020459819
"Jackson County, Missouri",717021,67178,213300,102813,29,095,0.14338910575840874
"Jasper County, Missouri",123532,57525,158500,14034,29,097,0.11360619110837678
"Jefferson County, Missouri",228227,80522,218800,25515,29,099,0.11179658848427224
"Johnson County, Missouri",54331,67123,221400,5572,29,101,0.10255655150834699
"Knox County, Missouri",3760,53333,97200,244,29,103,0.06489361702127659
"Laclede County, Missouri",36245,50825,158000,2523,29,105,0.06960960132432059
"Lafayette County, Missouri",32974,79091,200300,3783,29,107,0.11472675441256748
"Lawrence County, Missouri",38392,55849,159800,2732,29,109,0.07116065847051468
"Lewis County, Missouri",9945,52340,118900,723,29,111,0.07269984917043741
"Lincoln County, Missouri",61636,85276,224800,5586,29,113,0.0906288532675709
"Linn County, Missouri",11850,61975,117300,1031,29,115,0.0870042194092827
"Livingston County, Missouri",14330,60148,138300,1189,29,117,0.08297278436845779
"McDonald County, Missouri",23492,48145,134100,1423,29,119,0.06057381236165503
"Macon County, Missouri",15163,58318,127000,1347,29,121,0.0888346633251995
"Madison County, Missouri",12665,58435,155900,922,29,123,0.07279905250690881
"Maries County, Missouri",8435,61359,193100,544,29,125,0.06449318316538234
"Marion County, Missouri",28493,63908,158100,3049,29,127,0.10700873898852349
"Mercer County, Missouri",3501,60357,95300,317,29,129,0.09054555841188232
"Miller County, Missouri",25081,55172,169800,2409,29,131,0.09604880188190264
"Mississippi County, Missouri",12079,46258,100300,823,29,133,0.06813477936915308
"Moniteau County, Missouri",15303,65161,168300,1207,29,135,0.07887342351172973
"Monroe County, Missouri",8672,48299,147400,816,29,137,0.0940959409594096
"Montgomery County, Missouri",11422,61042,171300,934,29,139,0.08177201891087375
"Morgan County, Missouri",21430,49663,180400,1495,29,141,0.06976201586560896
"New Madrid County, Missouri",16041,49237,105500,770,29,143,0.048001994888099246
"Newton County, Missouri",59490,64583,175300,6004,29,145,0.100924525130274
"Nodaway County, Missouri",20959,55970,165100,1896,29,147,0.09046233121809247
"Oregon County, Missouri",8704,44259,117700,456,29,149,0.05238970588235294
"Osage County, Missouri",13379,75355,205700,1610,29,151,0.12033784288810823
"Ozark County, Missouri",8773,42329,156400,480,29,153,0.05471332497435313
"Pemiscot County, Missouri",15232,40748,95900,842,29,155,0.05527836134453781
"Perry County, Missouri",18947,63356,189400,2068,29,157,0.1091465667387977
"Pettis County, Missouri",43205,60232,161500,3154,29,159,0.0730008100914246
"Phelps County, Missouri",44948,55427,194900,4652,29,161,0.10349737474414879
"Pike County, Missouri",17623,57572,129400,1282,29,163,0.07274584349997162
"Platte County, Missouri",108751,95748,317600,21131,29,165,0.1943062592527885
"Polk County, Missouri",32109,56686,189600,2640,29,167,0.08221993833504625
"Pulaski County, Missouri",53850,66435,189700,5264,29,169,0.09775301764159702
"Putnam County, Missouri",4675,56875,111600,464,29,171,0.09925133689839573
"Ralls County, Missouri",10394,62054,153400,856,29,173,0.0823552049259188
"Randolph County, Missouri",24524,55310,141900,2204,29,175,0.08987114663187082
"Ray County, Missouri",23149,72152,187400,1816,29,177,0.07844831310207784
"Reynolds County, Missouri",6058,44357,119900,535,29,179,0.088312974579069
"Ripley County, Missouri",10755,43898,110800,674,29,181,0.06266852626685263
"St. Charles County, Missouri",409830,102912,296800,75830,29,183,0.18502793841348852
"St. Clair County, Missouri",9451,46731,142500,662,29,185,0.07004549783091736
"Ste. Genevieve County, Missouri",18551,61310,215600,1481,29,186,0.07983397121448979
"St. Francois County, Missouri",66864,54813,155100,4620,29,187,0.06909547738693467
"St. Louis County, Missouri",996618,81340,260700,184024,29,189,0.18464848116329427
"Saline County, Missouri",23177,56566,139600,2482,29,195,0.10708892436467188
"Schuyler County, Missouri",4044,56023,118200,191,29,197,0.04723046488625124
"Scotland County, Missouri",4698,67568,141100,273,29,199,0.05810983397190294
"Scott County, Missouri",37967,58847,143700,3719,29,201,0.09795348592198488
"Shannon County, Missouri",7137,59000,151000,469,29,203,0.06571388538601654
"Shelby County, Missouri",6011,52127,86200,527,29,205,0.08767260023290634
"Stoddard County, Missouri",28547,54067,135400,2198,29,207,0.07699583143587768
"Stone County, Missouri",31697,61323,236500,3861,29,209,0.1218096349812285
"Sullivan County, Missouri",5903,55500,103300,376,29,211,0.06369642554633237
"Taney County, Missouri",56382,58258,203800,6579,29,213,0.11668617643928914
"Texas County, Missouri",24956,48055,123300,1580,29,215,0.06331142811347973
"Vernon County, Missouri",19713,54519,136700,1485,29,217,0.07533099984781616
"Warren County, Missouri",36467,77989,241200,3546,29,219,0.09723859928154222
"Washington County, Missouri",23483,51886,118400,1362,29,221,0.05799940382404292
"Wayne County, Missouri",10942,43393,113100,607,29,223,0.05547431913726924
"Webster County, Missouri",39868,69731,219100,3253,29,225,0.08159426106150296
"Worth County, Missouri",1956,46167,94600,176,29,227,0.08997955010224949
"Wright County, Missouri",18722,47304,152300,1075,29,229,0.057419079158209596
"St. Louis city, Missouri",293109,55279,185100,46762,29,510,0.15953791934058661
"Beaverhead County, Montana",9590,58072,282000,1645,30,001,0.17153284671532848
"Big Horn County, Montana",12963,56680,148200,957,30,003,0.0738255033557047
"Blaine County, Montana",6997,65050,124900,754,30,005,0.107760468772331
"Broadwater County, Montana",7310,63636,364800,1173,30,007,0.16046511627906976
"Carbon County, Montana",10877,71017,379300,1514,30,009,0.13919279213018296
"Carter County, Montana",1361,52171,176600,167,30,011,0.12270389419544453
"Cascade County, Montana",84601,66203,243300,10618,30,013,0.12550679069987353
"Chouteau County, Montana",5888,56927,185100,673,30,015,0.11430027173913043
"Custer County, Montana",11938,63585,204200,1900,30,017,0.15915563746021108
"Daniels County, Montana",1524,58000,177800,239,30,019,0.1568241469816273
"Dawson County, Montana",8874,70953,187400,994,30,021,0.11201262114041019
"Deer Lodge County, Montana",9512,49533,209700,1177,30,023,0.12373843566021867
"Fallon County, Montana",2817,72284,237000,265,30,025,0.09407170749023784
"Fergus County, Montana",11581,59731,202700,1588,30,027,0.13712114670581124
"Flathead County, Montana",108445,71327,467700,18815,30,029,0.17349808658767116
"Gallatin County, Montana",122194,87454,604900,26317,30,031,0.21537064012962992
"Garfield County, Montana",938,61750,178300,106,30,033,0.11300639658848614
"Glacier County, Montana",13713,45129,153400,876,30,035,0.063880988842704
"Golden Valley County, Montana",840,57353,203900,96,30,037,0.11428571428571428
"Granite County, Montana",3419,54646,339500,679,30,039,0.19859608072535828
"Hill County, Montana",16260,55313,187600,1852,30,041,0.11389913899138991
"Jefferson County, Montana",12501,76576,408000,1946,30,043,0.1556675465962723
"Judith Basin County, Montana",2053,55417,214200,340,30,045,0.16561130053580125
"Lake County, Montana",32073,61965,369200,4543,30,047,0.14164562092725969
"Lewis and Clark County, Montana",72580,74543,358200,14352,30,049,0.19774042435932765
"Liberty County, Montana",1968,53264,116800,298,30,051,0.15142276422764228
"Lincoln County, Montana",20656,47018,258700,2005,30,053,0.09706622773044152
"McCone County, Montana",1818,71842,197400,219,30,055,0.12046204620462046
"Madison County, Montana",8975,67420,440500,1785,30,057,0.1988857938718663
"Meagher County, Montana",1979,56215,244400,342,30,059,0.17281455280444669
"Mineral County, Montana",4796,61117,313600,716,30,061,0.14929107589658047
"Missoula County, Montana",119639,71246,423100,23468,30,063,0.19615677162129405
"Musselshell County, Montana",5068,59010,221200,628,30,065,0.1239147592738753
"Park County, Montana",17484,66607,429700,3592,30,067,0.20544497826584307
"Petroleum County, Montana",401,59318,173700,58,30,069,0.14463840399002495
"Phillips County, Montana",4224,58156,175000,480,30,071,0.11363636363636363
"Pondera County, Montana",6012,53500,179200,669,30,073,0.11127744510978044
"Powder River County, Montana",1762,68009,149400,207,30,075,0.11748013620885357
"Powell County, Montana",7029,63432,255700,765,30,077,0.1088348271446863
"Prairie County, Montana",1251,45192,167100,113,30,079,0.0903277378097522
"Ravalli County, Montana",45807,71323,435000,6506,30,081,0.14203069399873383
"Richland County, Montana",11329,69578,259000,1172,30,083,0.10345131962220849
"Roosevelt County, Montana",10665,53125,119400,860,30,085,0.0806375996249414
"Rosebud County, Montana",8236,56430,188900,634,30,087,0.07697911607576494
"Sanders County, Montana",12936,54035,323800,1532,30,089,0.11842918985776128
"Sheridan County, Montana",3677,63654,111600,466,30,091,0.12673375033995105
"Silver Bow County, Montana",35589,57504,223500,4438,30,093,0.12470145269605777
"Stillwater County, Montana",9052,81503,355600,1396,30,095,0.15422006186478127
"Sweet Grass County, Montana",3713,69426,295500,442,30,097,0.11904120657150552
"Teton County, Montana",6291,67766,235500,783,30,099,0.12446351931330472
"Toole County, Montana",5028,53693,187400,457,30,101,0.09089101034208433
"Treasure County, Montana",761,73036,215300,174,30,103,0.22864651773981604
"Valley County, Montana",7540,64515,198600,959,30,105,0.12718832891246684
"Wheatland County, Montana",2049,47054,172700,212,30,107,0.10346510492923378
"Wibaux County, Montana",1148,64792,92300,164,30,109,0.14285714285714285
"Yellowstone County, Montana",167340,74400,317600,26806,30,111,0.1601888370981236
"Adams County, Nebraska",31034,65680,185800,3626,31,001,0.11683959528259329
"Antelope County, Nebraska",6302,63750,116900,547,31,003,0.08679784195493494
"Arthur County, Nebraska",540,67500,188800,84,31,005,0.15555555555555556
"Banner County, Nebraska",657,71250,166300,123,31,007,0.1872146118721461
"Blaine County, Nebraska",385,61250,102100,66,31,009,0.17142857142857143
"Boone County, Nebraska",5366,71367,164700,501,31,011,0.09336563548266866
"Box Butte County, Nebraska",10754,68778,161100,1119,31,013,0.10405430537474428
"Boyd County, Nebraska",1704,58984,104000,141,31,015,0.08274647887323944
"Brown County, Nebraska",2739,51538,100200,267,31,017,0.09748083242059145
"Buffalo County, Nebraska",50323,74570,236800,7132,31,019,0.14172445998847447
"Burt County, Nebraska",6730,57303,125400,897,31,021,0.13328380386329866
"Butler County, Nebraska",8413,82603,165700,1134,31,023,0.13479139427077141
"Cass County, Nebraska",26963,88255,247200,3828,31,025,0.1419723324555873
"Cedar County, Nebraska",8344,73977,175500,1019,31,027,0.12212368168744007
"Chase County, Nebraska",3639,62782,178700,467,31,029,0.12833195932948613
"Cherry County, Nebraska",5468,63750,136000,646,31,031,0.11814191660570593
"Cheyenne County, Nebraska",9478,57594,129100,993,31,033,0.10476893859464022
"Clay County, Nebraska",6084,75938,146300,649,31,035,0.1066732412886259
"Colfax County, Nebraska",10541,79720,128800,667,31,037,0.06327672896309648
"Cuming County, Nebraska",8976,70708,174900,1050,31,039,0.11697860962566844
"Custer County, Nebraska",10544,66310,160500,1365,31,041,0.12945751138088013
"Dakota County, Nebraska",21331,71655,168100,1518,31,043,0.0711640335661713
"Dawes County, Nebraska",8212,54381,146500,931,31,045,0.11337067705796396
"Dawson County, Nebraska",24020,65383,157800,2072,31,047,0.08626144879267278
"Deuel County, Nebraska",1865,61438,97200,209,31,049,0.11206434316353887
"Dixon County, Nebraska",5561,69156,141400,673,31,051,0.12102139902895162
"Dodge County, Nebraska",37146,71294,188100,3459,31,053,0.0931190437732192
"Douglas County, Nebraska",585461,79081,245800,101823,31,055,0.17391935585803325
"Dundy County, Nebraska",1811,56563,118200,177,31,057,0.097736057426836
"Fillmore County, Nebraska",5551,76354,131200,565,31,059,0.10178346243920014
"Franklin County, Nebraska",2868,57692,99100,256,31,061,0.08926080892608089
"Frontier County, Nebraska",2562,68207,138800,324,31,063,0.12646370023419204
"Furnas County, Nebraska",4605,60625,91800,511,31,065,0.11096634093376764
"Gage County, Nebraska",21646,64426,167100,2525,31,067,0.11664972743232006
"Garden County, Nebraska",1620,44777,95500,173,31,069,0.10679012345679012
"Garfield County, Nebraska",1797,68611,144900,303,31,071,0.1686143572621035
"Gosper County, Nebraska",1929,79145,202700,289,31,073,0.14981855883877657
"Grant County, Nebraska",695,69063,113900,113,31,075,0.16258992805755396
"Greeley County, Nebraska",2211,58894,87800,197,31,077,0.08909995477159656
"Hall County, Nebraska",62431,67549,207900,5333,31,079,0.08542230622607358
"Hamilton County, Nebraska",9438,79884,238700,1382,31,081,0.14642932824751007
"Harlan County, Nebraska",3006,70536,147200,364,31,083,0.12109115103127079
"Hayes County, Nebraska",854,60313,112800,88,31,085,0.10304449648711944
"Hitchcock County, Nebraska",2601,52016,88800,268,31,087,0.10303729334871203
"Holt County, Nebraska",10093,67225,152000,1327,31,089,0.1314772614683444
"Hooker County, Nebraska",613,45854,85400,88,31,091,0.14355628058727568
"Howard County, Nebraska",6492,74508,205200,849,31,093,0.13077634011090572
"Jefferson County, Nebraska",7155,60568,117600,743,31,095,0.10384346610761705
"Johnson County, Nebraska",5263,59457,131500,494,31,097,0.09386281588447654
"Kearney County, Nebraska",6697,79167,218300,1261,31,099,0.18829326564133195
"Keith County, Nebraska",8239,58132,157000,901,31,101,0.10935793178783833
"Keya Paha County, Nebraska",939,60313,108800,124,31,103,0.13205537806176784
"Kimball County, Nebraska",3348,59438,109900,262,31,105,0.07825567502986858
"Knox County, Nebraska",8362,64821,116900,786,31,107,0.09399665151877541
"Lancaster County, Nebraska",323673,72625,258900,53603,31,109,0.16560849993666446
"Lincoln County, Nebraska",34122,64342,183100,3232,31,111,0.0947189496512514
"Logan County, Nebraska",812,71650,160000,126,31,113,0.15517241379310345
"Loup County, Nebraska",564,60156,120700,75,31,115,0.13297872340425532
"McPherson County, Nebraska",463,61316,124200,69,31,117,0.1490280777537797
"Madison County, Nebraska",35535,64637,196000,3595,31,119,0.10116786267060644
"Merrick County, Nebraska",7696,62849,168000,598,31,121,0.0777027027027027
"Morrill County, Nebraska",4544,59773,112000,472,31,123,0.10387323943661972
"Nance County, Nebraska",3342,65438,122800,290,31,125,0.08677438659485338
"Nemaha County, Nebraska",7035,60132,125100,883,31,127,0.12551528073916132
"Nuckolls County, Nebraska",4089,70201,90900,573,31,129,0.1401320616287601
"Otoe County, Nebraska",16075,81430,185000,2063,31,131,0.12833592534992225
"Pawnee County, Nebraska",2539,54926,74800,237,31,133,0.09334383615596692
"Perkins County, Nebraska",2835,67500,149200,419,31,135,0.14779541446208114
"Phelps County, Nebraska",8983,65988,173300,1210,31,137,0.13469887565401314
"Pierce County, Nebraska",7312,75938,182700,848,31,139,0.11597374179431072
"Platte County, Nebraska",34358,72335,207800,3905,31,141,0.11365620816112695
"Polk County, Nebraska",5209,71771,177800,462,31,143,0.08869264734114034
"Red Willow County, Nebraska",10611,60000,143500,1345,31,145,0.12675525398171708
"Richardson County, Nebraska",7797,55578,96500,895,31,147,0.11478773887392586
"Rock County, Nebraska",1335,57500,124400,208,31,149,0.15580524344569288
"Saline County, Nebraska",14642,77027,180700,1388,31,151,0.09479579292446387
"Sarpy County, Nebraska",194051,101402,287600,33262,31,153,0.17140854723758187
"Saunders County, Nebraska",22761,89395,241100,3003,31,155,0.13193620666930275
"Scotts Bluff County, Nebraska",35937,60960,161400,4221,31,157,0.11745554720761332
"Seward County, Nebraska",17636,81122,232400,2468,31,159,0.13994102971195282
"Sheridan County, Nebraska",5058,56900,102900,623,31,161,0.12317121391854488
"Sherman County, Nebraska",2974,61935,135000,284,31,163,0.09549428379287156
"Sioux County, Nebraska",1197,54076,141700,155,31,165,0.12949039264828738
"Stanton County, Nebraska",5835,78275,184300,659,31,167,0.11293916023993145
"Thayer County, Nebraska",4938,63095,106200,575,31,169,0.11644390441474281
"Thomas County, Nebraska",626,72708,113000,110,31,171,0.1757188498402556
"Thurston County, Nebraska",6666,64838,105100,520,31,173,0.078007800780078
"Valley County, Nebraska",4094,58902,122200,599,31,175,0.14631167562286274
"Washington County, Nebraska",20989,90188,278300,3694,31,177,0.17599695078374386
"Wayne County, Nebraska",9786,67687,203700,1015,31,179,0.10371959942775394
"Webster County, Nebraska",3385,65197,102000,356,31,181,0.1051698670605613
"Wheeler County, Nebraska",785,55893,135900,134,31,183,0.17070063694267515
"York County, Nebraska",14231,74058,175900,1498,31,185,0.10526315789473684
"Churchill County, Nevada",25614,73268,298000,2378,32,001,0.09283985320527836
"Clark County, Nevada",2293764,73845,400800,286282,32,003,0.12480882950469185
"Douglas County, Nevada",49624,88018,587400,8128,32,005,0.1637917136869257
"Elko County, Nevada",53852,83427,282400,3865,32,007,0.07177077917254698
"Esmeralda County, Nevada",962,-666666666,102500,145,32,009,0.15072765072765074
"Humboldt County, Nevada",17299,79946,256800,1628,32,013,0.09410948609746228
"Lander County, Nevada",5745,84474,210500,267,32,015,0.04647519582245431
"Lincoln County, Nevada",4452,69496,208900,371,32,017,0.08333333333333333
"Lyon County, Nevada",60630,73460,342600,5459,32,019,0.09003793501566881
"Mineral County, Nevada",4557,50584,175000,330,32,021,0.07241606319947334
"Nye County, Nevada",53207,55975,266000,3582,32,023,0.06732196891386472
"Pershing County, Nevada",6505,72007,166200,215,32,027,0.033051498847040735
"Storey County, Nevada",4139,96000,393100,514,32,029,0.12418458564870742
"Washoe County, Nevada",491770,85600,496600,69410,32,031,0.14114321735770788
"White Pine County, Nevada",8856,72294,196700,742,32,033,0.08378500451671184
"Carson City, Nevada",58364,71809,426700,6595,32,510,0.1129977383318484
"Belknap County, New Hampshire",64300,87983,340000,9486,33,001,0.14752721617418352
"Carroll County, New Hampshire",51259,82961,348900,9062,33,003,0.17678846641565385
"Cheshire County, New Hampshire",76945,81001,257200,11867,33,005,0.15422704529209175
"Coos County, New Hampshire",31386,58439,169600,3160,33,007,0.1006818326642452
"Grafton County, New Hampshire",91759,84021,298500,14290,33,009,0.1557340424372541
"Hillsborough County, New Hampshire",424732,100436,385500,77518,33,011,0.18251038301799724
"Merrimack County, New Hampshire",155018,93944,330600,24877,33,013,0.16047813802268124
"Rockingham County, New Hampshire",317163,113927,461400,65335,33,015,0.20599817759322495
"Strafford County, New Hampshire",131743,86564,332400,21645,33,017,0.16429715430800879
"Sullivan County, New Hampshire",43529,75929,236300,6261,33,019,0.14383514438650094
"Atlantic County, New Jersey",274704,76819,272700,39817,34,001,0.14494510454889625
"Bergen County, New Jersey",954717,123715,593200,212294,34,003,0.2223632762378799
"Burlington County, New Jersey",464226,105271,326700,88885,34,005,0.19146924127472395
"Camden County, New Jersey",524042,86384,262200,78065,34,007,0.14896706752512204
"Cape May County, New Jersey",95236,88046,395000,16922,34,009,0.1776849090679995
"Cumberland County, New Jersey",152915,64499,205600,12331,34,011,0.08063957100349868
"Essex County, New Jersey",854130,76712,494400,126748,34,013,0.14839427253462587
"Gloucester County, New Jersey",304504,102807,283500,49440,34,015,0.16236239918030634
"Hudson County, New Jersey",710478,90032,508600,144763,34,017,0.203754373815938
"Hunterdon County, New Jersey",129448,139453,498800,31349,34,019,0.24217446387738706
"Mercer County, New Jersey",383286,96333,351000,62940,34,021,0.16421158090825128
"Middlesex County, New Jersey",861535,109028,439300,155383,34,023,0.18035599250175557
"Monmouth County, New Jersey",643615,122727,566500,140944,34,025,0.2189880596319228
"Morris County, New Jersey",510375,134929,557000,121697,34,027,0.23844624050942934
"Ocean County, New Jersey",646434,86411,366600,95210,34,029,0.14728495097720726
"Passaic County, New Jersey",518289,87137,439400,70096,34,031,0.13524500809393986
"Salem County, New Jersey",64973,78412,223000,7032,34,033,0.10822957228387176
"Somerset County, New Jersey",346203,135960,523900,75953,34,035,0.21938862459308556
"Sussex County, New Jersey",145117,114316,342800,27233,34,037,0.18766236898502586
"Union County, New Jersey",572549,100117,488800,89607,34,039,0.15650538207210213
"Warren County, New Jersey",110238,99596,323100,19925,34,041,0.18074529654021299
"Bernalillo County, New Mexico",674357,66514,268500,95475,35,001,0.14157931184817538
"Catron County, New Mexico",3685,46439,171800,354,35,003,0.0960651289009498
"Chaves County, New Mexico",64446,52029,141900,4671,35,005,0.07247928498277628
"Cibola County, New Mexico",27059,51765,120000,1963,35,006,0.07254517905318009
"Colfax County, New Mexico",12336,52690,161000,1224,35,007,0.09922178988326848
"Curry County, New Mexico",47932,56259,160800,3743,35,009,0.07808979387465577
"De Baca County, New Mexico",1580,40804,158000,52,35,011,0.03291139240506329
"Doña Ana County, New Mexico",221665,55663,205400,24324,35,013,0.10973315588839014
"Eddy County, New Mexico",61114,79605,199400,4972,35,015,0.08135615407271657
"Grant County, New Mexico",27856,45921,164400,3368,35,017,0.12090752441125789
"Guadalupe County, New Mexico",4379,40149,107200,363,35,019,0.08289563827357845
"Harding County, New Mexico",748,41250,86500,89,35,021,0.11898395721925134
"Hidalgo County, New Mexico",4097,49076,114000,363,35,023,0.08860141567000245
"Lea County, New Mexico",73154,68750,176000,3669,35,025,0.05015446865516581
"Lincoln County, New Mexico",20227,51643,212200,2769,35,027,0.1368962278143076
"Los Alamos County, New Mexico",19374,143188,452500,3523,35,028,0.18184164343966142
"Luna County, New Mexico",25420,37917,112500,1672,35,029,0.06577498033044847
"McKinley County, New Mexico",71172,44496,72100,3323,35,031,0.04668970943629517
"Mora County, New Mexico",4176,50178,119900,310,35,033,0.07423371647509579
"Otero County, New Mexico",68235,52717,149500,6453,35,035,0.0945702352165311
"Quay County, New Mexico",8616,43698,82200,771,35,037,0.08948467966573816
"Rio Arriba County, New Mexico",40165,53901,230900,3019,35,039,0.07516494460351052
"Roosevelt County, New Mexico",19002,52445,136000,1395,35,041,0.07341332491316703
"Sandoval County, New Mexico",151538,84053,282300,20972,35,043,0.13839433013501565
"San Juan County, New Mexico",121178,53020,185100,7897,35,045,0.06516859495948109
"San Miguel County, New Mexico",27036,47400,177600,2905,35,047,0.1074493268234946
"Santa Fe County, New Mexico",155175,74689,416900,26025,35,049,0.1677138714354761
"Sierra County, New Mexico",11511,37840,144800,892,35,051,0.07749109547389453
"Socorro County, New Mexico",16308,47556,143200,1153,35,053,0.07070149619818494
"Taos County, New Mexico",34516,58908,354000,5289,35,055,0.15323328311507706
"Torrance County, New Mexico",15290,46250,145100,1021,35,057,0.06677567037279268
"Union County, New Mexico",4039,45319,135900,311,35,059,0.07699925724189156
"Valencia County, New Mexico",77382,58333,206800,6404,35,061,0.08275826419580781
"Albany County, New York",315374,83149,277400,49653,36,001,0.1574416407186388
"Allegany County, New York",47027,61233,97900,3787,36,003,0.08052820720011908
"Bronx County, New York",1419250,49036,517000,130281,36,005,0.09179566672538313
"Broome County, New York",197738,61059,145100,21526,36,007,0.10886122040275516
"Cattaraugus County, New York",76479,58248,109400,6055,36,009,0.07917206030413577
"Cayuga County, New York",75464,66583,164200,7436,36,011,0.09853705077917947
"Chautauqua County, New York",126329,56507,119300,12215,36,013,0.09669197096470328
"Chemung County, New York",82805,63469,132100,8778,36,015,0.10600809129883461
"Chenango County, New York",46685,62093,128100,3554,36,017,0.07612723572882082
"Clinton County, New York",78961,69208,175100,8387,36,019,0.10621699319917427
"Columbia County, New York",61245,83619,309800,8836,36,021,0.1442730018777043
"Cortland County, New York",46401,67527,158100,4328,36,023,0.09327385185664103
"Delaware County, New York",44551,60226,176200,4835,36,025,0.10852730578438194
"Dutchess County, New York",297144,97273,368100,44414,36,027,0.14946961742454837
"Erie County, New York",950044,71175,217400,137582,36,029,0.14481645060649823
"Essex County, New York",37077,70215,200000,4885,36,031,0.13175283868705667
"Franklin County, New York",47066,63747,128600,4372,36,033,0.09289083414779246
"Fulton County, New York",52787,62615,156100,5111,36,035,0.09682308144050618
"Genesee County, New York",57943,72055,157800,5712,36,037,0.09857963861035846
"Greene County, New York",47554,74011,248300,6195,36,039,0.13027295285359802
"Hamilton County, New York",5102,68950,242000,586,36,041,0.11485691885535085
"Herkimer County, New York",59932,68858,135000,5616,36,043,0.09370620036040846
"Jefferson County, New York",116130,64978,181000,11359,36,045,0.09781279600447775
"Kings County, New York",2646306,78548,889700,454186,36,047,0.17163018940364416
"Lewis County, New York",26618,68329,158000,2060,36,049,0.07739123901119543
"Livingston County, New York",61588,72464,169600,6986,36,051,0.11343118789374554
"Madison County, New York",67572,73141,176800,6840,36,053,0.10122535961640916
"Monroe County, New York",754068,74409,197100,120022,36,055,0.1591660168578961
"Montgomery County, New York",49461,62923,141600,3888,36,057,0.07860738763874568
"Nassau County, New York",1388138,143408,658700,257500,36,059,0.185500288876178
"New York County, New York",1627788,104553,1108900,415812,36,061,0.25544604088493095
"Niagara County, New York",211341,67809,177400,24531,36,063,0.1160730762133235
"Oneida County, New York",229645,68819,171100,25310,36,065,0.11021359054192341
"Onondaga County, New York",471611,74740,185300,68569,36,067,0.14539313120347067
"Ontario County, New York",112405,79814,202900,16154,36,069,0.14371246830657
"Orange County, New York",403840,96497,361100,46977,36,071,0.11632577258320127
"Orleans County, New York",39686,63838,126200,3157,36,073,0.07954946328680139
"Oswego County, New York",117945,68461,139600,10743,36,075,0.0910848276739158
"Otsego County, New York",59738,67086,175900,7281,36,077,0.1218822190230674
"Putnam County, New York",97988,127405,448000,17222,36,079,0.1757562150467404
"Queens County, New York",2330124,84961,699200,365531,36,081,0.1568719089627848
"Rensselaer County, New York",160341,86663,244300,24375,36,083,0.1520197578909948
"Richmond County, New York",492734,98290,658500,74016,36,085,0.1502149232648853
"Rockland County, New York",338936,110631,564200,48405,36,087,0.14281457266268557
"St. Lawrence County, New York",107796,61900,119800,9016,36,089,0.0836394671416379
"Saratoga County, New York",237075,99653,324800,42092,36,091,0.17754718970789835
"Schenectady County, New York",159603,76989,223100,21281,36,093,0.13333709266116553
"Schoharie County, New York",29979,71188,182000,2903,36,095,0.09683445078221421
"Schuyler County, New York",17749,65625,163300,1570,36,097,0.08845568764437434
"Seneca County, New York",33125,66007,142700,3583,36,099,0.10816603773584905
"Steuben County, New York",93034,64740,128600,8704,36,101,0.09355719414407636
"Suffolk County, New York",1525680,128329,539500,229744,36,103,0.1505846573331236
"Sullivan County, New York",79147,69826,234800,9476,36,105,0.11972658470946466
"Tioga County, New York",48106,71791,153200,5274,36,107,0.10963289402569326
"Tompkins County, New York",102879,73012,271500,15474,36,109,0.15040970460443823
"Ulster County, New York",182109,81804,315100,27094,36,111,0.1487790279448023
"Warren County, New York",65560,78239,247600,9264,36,113,0.14130567419158024
"Washington County, New York",60883,72342,185000,5649,36,115,0.0927845211306933
"Wayne County, New York",91128,73914,163400,10351,36,117,0.11358748134492143
"Westchester County, New York",996888,118411,638400,181482,36,119,0.18204853504104773
"Wyoming County, New York",39980,68913,154700,3317,36,121,0.08296648324162081
"Yates County, New York",24637,67521,178000,2427,36,123,0.0985103705808337
"Alamance County, North Carolina",174286,64445,221200,22130,37,001,0.12697520167999723
"Alexander County, North Carolina",36440,65268,190000,2747,37,003,0.07538419319429199
"Alleghany County, North Carolina",11075,44272,199000,1276,37,005,0.11521444695259593
"Anson County, North Carolina",21903,44245,119300,1281,37,007,0.058485139022051776
"Ashe County, North Carolina",26831,50827,221900,2977,37,009,0.1109537475308412
"Avery County, North Carolina",17643,57657,233200,1846,37,011,0.1046307317349657
"Beaufort County, North Carolina",44597,57997,181200,4290,37,013,0.09619481131017782
"Bertie County, North Carolina",17482,45931,95800,1469,37,015,0.0840292872669031
"Bladen County, North Carolina",29591,44528,125800,3079,37,017,0.1040519076746308
"Brunswick County, North Carolina",145889,74034,314700,24735,37,019,0.1695467101700608
"Buncombe County, North Carolina",271790,70578,360000,53513,37,021,0.19689098200816807
"Burke County, North Carolina",87863,55684,170500,8291,37,023,0.09436281483673446
"Cabarrus County, North Carolina",231262,86084,318600,36733,37,025,0.1588371630445123
"Caldwell County, North Carolina",80618,55401,174000,7571,37,027,0.0939120295715597
"Camden County, North Carolina",10743,87781,289800,1367,37,029,0.12724564832914456
"Carteret County, North Carolina",68652,70235,304200,10634,37,031,0.1548971625007283
"Caswell County, North Carolina",22689,59407,151200,1744,37,033,0.0768654414033232
"Catawba County, North Carolina",162051,64544,218100,19976,37,035,0.12326983480509222
"Chatham County, North Carolina",78319,88534,397800,14528,37,037,0.18549777193273662
"Cherokee County, North Carolina",29197,51496,208700,3666,37,039,0.12556084529232456
"Chowan County, North Carolina",13814,56982,204400,1492,37,041,0.10800637034892138
"Clay County, North Carolina",11391,53645,263300,1880,37,043,0.16504257747344395
"Cleveland County, North Carolina",100170,55769,180200,9312,37,045,0.09296196466007786
"Columbus County, North Carolina",50453,48184,128300,3623,37,047,0.07180940677462193
"Craven County, North Carolina",101074,64635,206200,10735,37,049,0.10620931198923561
"Cumberland County, North Carolina",336749,58780,183700,36517,37,051,0.10843981719322106
"Currituck County, North Carolina",29612,91548,351200,4357,37,053,0.14713629609617723
"Dare County, North Carolina",37534,81214,425400,8376,37,055,0.2231576703788565
"Davidson County, North Carolina",171063,62426,200100,17574,37,057,0.10273408042650953
"Davie County, North Carolina",43526,73234,235300,5602,37,059,0.12870468225887974
"Duplin County, North Carolina",49053,51880,123200,4167,37,061,0.08494893278698551
"Durham County, North Carolina",329405,79501,351700,63124,37,063,0.1916303638378288
"Edgecombe County, North Carolina",48777,48480,116800,3969,37,065,0.0813703179777354
"Forsyth County, North Carolina",386740,65541,227800,58655,37,067,0.15166520142731552
"Franklin County, North Carolina",71962,71386,240900,8492,37,069,0.11800672577193519
"Gaston County, North Carolina",231485,65472,235000,29339,37,071,0.1267425535131866
"Gates County, North Carolina",10437,61612,163900,427,37,073,0.0409121395036888
"Graham County, North Carolina",8041,49038,155800,652,37,075,0.08108444223355304
"Granville County, North Carolina",61439,70975,235700,7406,37,077,0.12054232653526262
"Greene County, North Carolina",20421,50904,114000,1272,37,079,0.06228882033201116
"Guilford County, North Carolina",542987,66027,234900,85148,37,081,0.1568140673717787
"Halifax County, North Carolina",48219,45071,102500,3533,37,083,0.07326987287168958
"Harnett County, North Carolina",136503,69012,220700,14276,37,085,0.10458378204142034
"Haywood County, North Carolina",62432,61001,254900,8476,37,087,0.13576371091747821
"Henderson County, North Carolina",117387,67623,317800,19515,37,089,0.16624498453832195
"Hertford County, North Carolina",20492,47472,111100,1479,37,091,0.0721745071247316
"Hoke County, North Carolina",53102,60095,196000,5065,37,093,0.09538247147000113
"Hyde County, North Carolina",4625,47338,119600,370,37,095,0.08
"Iredell County, North Carolina",191800,78678,292300,30269,37,097,0.15781543274244003
"Jackson County, North Carolina",43089,53479,253900,4855,37,099,0.11267376824711643
"Johnston County, North Carolina",226623,79838,267600,30223,37,101,0.13336245659090207
"Jones County, North Carolina",9245,55659,122600,980,37,103,0.10600324499729584
"Lee County, North Carolina",64565,63060,213800,6488,37,105,0.10048788043057384
"Lenoir County, North Carolina",54917,44795,111400,3919,37,107,0.07136223755849737
"Lincoln County, North Carolina",90359,78490,279500,12649,37,109,0.1399860556225722
"McDowell County, North Carolina",44679,55527,168300,3985,37,111,0.08919179032655163
"Macon County, North Carolina",37533,53298,229000,4436,37,113,0.11818932672581461
"Madison County, North Carolina",21640,58628,263500,3327,37,115,0.1537430683918669
"Martin County, North Carolina",21773,46793,109900,1745,37,117,0.08014513388141276
"Mecklenburg County, North Carolina",1130906,83765,371200,239842,37,119,0.21207951854530793
"Mitchell County, North Carolina",14973,58089,202100,1510,37,121,0.10084819341481333
"Montgomery County, North Carolina",25874,55849,150300,2385,37,123,0.09217747545798871
"Moore County, North Carolina",102840,82837,315300,18084,37,125,0.17584597432905485
"Nash County, North Carolina",95451,60704,171100,9763,37,127,0.10228284669621063
"New Hanover County, North Carolina",231214,72892,353700,46824,37,129,0.20251368861747127
"Northampton County, North Carolina",17212,47935,102200,1507,37,131,0.08755519405066232
"Onslow County, North Carolina",208537,64568,219500,20233,37,133,0.09702354977773728
"Orange County, North Carolina",147292,88553,428500,25681,37,135,0.17435434375254596
"Pamlico County, North Carolina",12315,61624,209800,1365,37,137,0.11084043848964677
"Pasquotank County, North Carolina",40830,63912,223300,4978,37,139,0.12192015674748959
"Pender County, North Carolina",63475,76838,267100,8814,37,141,0.13885781803859787
"Perquimans County, North Carolina",13146,61224,211600,1178,37,143,0.0896090065419139
"Person County, North Carolina",39275,64927,192800,3946,37,145,0.100471037555697
"Pitt County, North Carolina",172279,58851,194300,20921,37,147,0.12143673924273997
"Polk County, North Carolina",19689,61005,281100,3163,37,149,0.1606480776067855
"Randolph County, North Carolina",145322,59047,171600,12722,37,151,0.08754352403627806
"Richmond County, North Carolina",42818,43626,120800,2988,37,153,0.06978373581204167
"Robeson County, North Carolina",116858,40318,88600,7205,37,155,0.06165602697290729
"Rockingham County, North Carolina",91585,55796,156000,7207,37,157,0.07869192553365725
"Rowan County, North Carolina",148487,63196,216100,15294,37,159,0.10299891572999656
"Rutherford County, North Carolina",64850,49771,180800,6265,37,161,0.09660755589822667
"Sampson County, North Carolina",59245,53159,128400,4524,37,163,0.07636087433538695
"Scotland County, North Carolina",34353,43500,109900,2174,37,165,0.0632841382120921
"Stanly County, North Carolina",63557,61631,214300,6618,37,167,0.10412700410655003
"Stokes County, North Carolina",44889,60039,186800,4097,37,169,0.09126957606540578
"Surry County, North Carolina",71407,56095,166400,6590,37,171,0.09228787093702298
"Swain County, North Carolina",14065,55429,209800,1196,37,173,0.08503377177390686
"Transylvania County, North Carolina",33243,64523,336100,6111,37,175,0.18382817435249527
"Tyrrell County, North Carolina",3376,43952,138400,238,37,177,0.07049763033175356
"Union County, North Carolina",244975,99243,374400,40533,37,179,0.16545769976528218
"Vance County, North Carolina",42361,46943,146300,3682,37,181,0.08691957224805835
"Wake County, North Carolina",1151009,101763,422800,263970,37,183,0.22933791134561068
"Warren County, North Carolina",18751,45279,124700,1804,37,185,0.09620820222921445
"Washington County, North Carolina",10905,41750,107000,674,37,187,0.06180651077487391
"Watauga County, North Carolina",54607,51367,321500,8049,37,189,0.14739868515025545
"Wayne County, North Carolina",117606,58082,162700,11536,37,191,0.09809023349148853
"Wilkes County, North Carolina",65983,50438,161400,5515,37,193,0.08358213479229498
"Wilson County, North Carolina",78648,51381,171800,6660,37,195,0.08468111077204761
"Yadkin County, North Carolina",37419,60321,176400,3176,37,197,0.08487666693391058
"Yancey County, North Carolina",18676,54961,222300,2125,37,199,0.1137823945170272
"Adams County, North Dakota",2179,55417,108300,215,38,001,0.09866911427260211
"Barnes County, North Dakota",10794,70230,168100,1748,38,003,0.16194181952936818
"Benson County, North Dakota",5861,68049,83100,514,38,005,0.08769834499232212
"Billings County, North Dakota",948,81250,322500,136,38,007,0.14345991561181434
"Bottineau County, North Dakota",6390,83460,190900,937,38,009,0.14663536776212832
"Bowman County, North Dakota",2935,83773,176400,406,38,011,0.1383304940374787
"Burke County, North Dakota",2163,96339,141900,292,38,013,0.13499768839574663
"Burleigh County, North Dakota",98986,84948,314700,17998,38,015,0.18182369223930656
"Cass County, North Dakota",189286,75023,284700,34792,38,017,0.18380651500903394
"Cavalier County, North Dakota",3663,67064,122300,497,38,019,0.13568113568113568
"Dickey County, North Dakota",4959,63125,167100,663,38,021,0.1336963097398669
"Divide County, North Dakota",2174,89297,173100,248,38,023,0.1140754369825207
"Dunn County, North Dakota",4043,94688,244000,458,38,025,0.11328221617610686
"Eddy County, North Dakota",2319,55389,115500,383,38,027,0.16515739542906424
"Emmons County, North Dakota",3269,67368,112400,364,38,029,0.11134903640256959
"Foster County, North Dakota",3372,83412,162800,565,38,031,0.16755634638196915
"Golden Valley County, North Dakota",1679,76528,119200,173,38,033,0.10303752233472305
"Grand Forks County, North Dakota",72764,68450,244200,10123,38,035,0.13912099389808147
"Grant County, North Dakota",2276,56750,85800,308,38,037,0.13532513181019332
"Griggs County, North Dakota",2340,64737,128200,341,38,039,0.14572649572649574
"Hettinger County, North Dakota",2453,70827,110900,254,38,041,0.10354667753770892
"Kidder County, North Dakota",2374,61850,138500,307,38,043,0.12931760741364784
"LaMoure County, North Dakota",4107,70263,118000,579,38,045,0.14097881665449233
"Logan County, North Dakota",1848,61339,101800,299,38,047,0.1617965367965368
"McHenry County, North Dakota",5264,80614,143200,642,38,049,0.12196048632218845
"McIntosh County, North Dakota",2512,64236,80300,246,38,051,0.09792993630573249
"McKenzie County, North Dakota",14280,88289,357300,1616,38,053,0.11316526610644258
"McLean County, North Dakota",9807,81847,233100,1362,38,055,0.1388803915570511
"Mercer County, North Dakota",8341,79405,196200,1064,38,057,0.1275626423690205
"Morton County, North Dakota",33479,79483,249600,5291,38,059,0.15803936796200604
"Mountrail County, North Dakota",9567,81292,222200,864,38,061,0.09031044214487301
"Nelson County, North Dakota",3015,68051,114500,475,38,063,0.15754560530679934
"Oliver County, North Dakota",1821,76953,217000,182,38,065,0.09994508511806699
"Pembina County, North Dakota",6787,66884,116600,854,38,067,0.12582879033446295
"Pierce County, North Dakota",3961,63214,143400,593,38,069,0.1497096692754355
"Ramsey County, North Dakota",11563,61319,197400,1709,38,071,0.14779901409668772
"Ransom County, North Dakota",5662,74521,174800,612,38,073,0.10808901448251501
"Renville County, North Dakota",2277,76311,163400,262,38,075,0.11506368028107158
"Richland County, North Dakota",16550,72524,177600,2155,38,077,0.13021148036253777
"Rolette County, North Dakota",12065,57355,93000,769,38,079,0.06373808537090758
"Sargent County, North Dakota",3822,77697,149600,400,38,081,0.10465724751439037
"Sheridan County, North Dakota",1327,67361,107700,193,38,083,0.14544084400904295
"Sioux County, North Dakota",3789,41676,87400,166,38,085,0.04381103193454738
"Slope County, North Dakota",795,62500,121300,113,38,087,0.1421383647798742
"Stark County, North Dakota",33116,80744,260400,4405,38,089,0.13301727261746588
"Steele County, North Dakota",1731,80313,120400,343,38,091,0.1981513575967649
"Stutsman County, North Dakota",21525,60172,200300,2617,38,093,0.12157955865272939
"Towner County, North Dakota",2113,63017,122800,232,38,095,0.10979649787032655
"Traill County, North Dakota",7980,88289,193200,1212,38,097,0.1518796992481203
"Walsh County, North Dakota",10488,69976,125700,1006,38,099,0.09591914569031273
"Ward County, North Dakota",69232,79273,259100,9088,38,101,0.13126877744395654
"Wells County, North Dakota",3942,61346,106400,511,38,103,0.12962962962962962
"Williams County, North Dakota",39368,90224,267800,3766,38,105,0.09566145092460882
"Adams County, Ohio",27510,49521,157500,1383,39,001,0.050272628135223554
"Allen County, Ohio",101685,62001,158400,8513,39,003,0.08371932930127354
"Ashland County, Ohio",52296,64991,175900,5259,39,005,0.10056218448829739
"Ashtabula County, Ohio",97343,55507,149600,7253,39,007,0.07450972334939338
"Athens County, Ohio",61573,53837,173800,6041,39,009,0.0981111850973641
"Auglaize County, Ohio",46209,76454,182000,4029,39,011,0.08719080698565214
"Belmont County, Ohio",65982,58411,143000,5619,39,013,0.0851595889788124
"Brown County, Ohio",43710,69990,181100,3110,39,015,0.071150766415008
"Butler County, Ohio",389910,81194,243000,52329,39,017,0.13420789412941447
"Carroll County, Ohio",26731,64675,174500,1749,39,019,0.06542965096704201
"Champaign County, Ohio",38772,74239,186300,3491,39,021,0.09003920354895285
"Clark County, Ohio",135445,60846,155900,10774,39,023,0.07954520284986526
"Clermont County, Ohio",209862,83178,245600,28996,39,025,0.13816698592408344
"Clinton County, Ohio",42014,68125,192800,3536,39,027,0.08416242204979292
"Columbiana County, Ohio",101203,58474,139100,7922,39,029,0.07827831190774977
"Coshocton County, Ohio",36679,54687,142300,2827,39,031,0.07707407508383543
"Crawford County, Ohio",41767,55477,123600,2800,39,033,0.06703857112074126
"Cuyahoga County, Ohio",1249418,62823,183200,181794,39,035,0.14550294617173756
"Darke County, Ohio",51655,64654,169100,3919,39,037,0.07586874455522215
"Defiance County, Ohio",38258,73615,150900,3442,39,039,0.089968111244707
"Delaware County, Ohio",221160,130088,419500,50725,39,041,0.22935883523241093
"Erie County, Ohio",74938,68431,183900,10160,39,043,0.13557874509594597
"Fairfield County, Ohio",161289,87069,272200,22781,39,045,0.1412433581955372
"Fayette County, Ohio",28880,60047,162200,1843,39,047,0.06381578947368421
"Franklin County, Ohio",1321635,73795,265700,227712,39,049,0.17229567921551714
"Fulton County, Ohio",42434,72866,176000,3483,39,051,0.08208040722062497
"Gallia County, Ohio",29162,56455,135000,2024,39,053,0.069405390576778
"Geauga County, Ohio",95479,100783,305100,16062,39,055,0.168225473664366
"Greene County, Ohio",168531,85218,238000,24710,39,057,0.14661990969020536
"Guernsey County, Ohio",38283,55756,154100,2732,39,059,0.07136326829140872
"Hamilton County, Ohio",827878,70816,225700,138192,39,061,0.16692314568088534
"Hancock County, Ohio",74885,69699,196500,9485,39,063,0.12666088001602457
"Hardin County, Ohio",30527,58001,134800,2315,39,065,0.0758345071575982
"Harrison County, Ohio",14408,53851,118000,889,39,067,0.061701832315380345
"Henry County, Ohio",27581,79267,166000,2368,39,069,0.08585620535876147
"Highland County, Ohio",43403,62008,157000,3008,39,071,0.06930396516369836
"Hocking County, Ohio",27938,61366,172300,1933,39,073,0.06918891831913523
"Holmes County, Ohio",44312,74774,251800,1953,39,075,0.04407384004332912
"Huron County, Ohio",58412,65972,158900,4369,39,077,0.07479627473806752
"Jackson County, Ohio",32588,58409,140400,2425,39,079,0.07441389468516019
"Jefferson County, Ohio",64855,56983,120600,6170,39,081,0.09513530182715288
"Knox County, Ohio",62888,73988,218300,6539,39,083,0.1039785014629182
"Lake County, Ohio",232101,77952,199900,33713,39,085,0.1452514207177048
"Lawrence County, Ohio",57385,54842,135600,4751,39,087,0.08279167029711597
"Licking County, Ohio",180311,81033,250700,24318,39,089,0.13486697982929494
"Logan County, Ohio",46140,69183,186200,3994,39,091,0.08656263545730386
"Lorain County, Ohio",314588,70693,207200,38245,39,093,0.12157170648594352
"Lucas County, Ohio",428748,60095,155200,51594,39,095,0.12033642139438551
"Madison County, Ohio",44126,83229,231400,4889,39,097,0.1107963558899515
"Mahoning County, Ohio",227063,55576,141100,27356,39,099,0.12047757670778594
"Marion County, Ohio",65145,57306,146200,4320,39,101,0.06631360810499655
"Medina County, Ohio",183049,92660,268000,30988,39,103,0.16928800485116008
"Meigs County, Ohio",22072,46701,113400,1284,39,105,0.05817325117796303
"Mercer County, Ohio",42438,78036,208600,3960,39,107,0.09331259720062209
"Miami County, Ohio",109549,74175,209200,11317,39,109,0.10330537019963669
"Monroe County, Ohio",13308,58962,132000,695,39,111,0.052224226029455964
"Montgomery County, Ohio",535528,64403,167400,67126,39,113,0.12534545345901615
"Morgan County, Ohio",13758,55971,134200,952,39,115,0.06919610408489606
"Morrow County, Ohio",35214,71047,200800,3204,39,117,0.0909865394445391
"Muskingum County, Ohio",86382,59203,170100,7460,39,119,0.0863605843810053
"Noble County, Ohio",14252,55360,149300,1030,39,121,0.07227055851810273
"Ottawa County, Ohio",40161,75728,200700,5371,39,123,0.13373670974328328
"Paulding County, Ohio",18800,68167,126800,1370,39,125,0.07287234042553191
"Perry County, Ohio",35474,64737,178300,2631,39,127,0.07416699554603372
"Pickaway County, Ohio",59407,72927,235700,6099,39,129,0.10266466914673356
"Pike County, Ohio",27080,49552,148500,1827,39,131,0.06746676514032496
"Portage County, Ohio",161421,72822,210500,20184,39,133,0.12503949300276915
"Preble County, Ohio",40802,71237,171100,3088,39,135,0.07568256458016764
"Putnam County, Ohio",34352,82785,191600,4155,39,137,0.12095365626455519
"Richland County, Ohio",125138,57649,154000,9853,39,139,0.07873707427000591
"Ross County, Ohio",76748,59819,158500,6020,39,141,0.0784385260853703
"Sandusky County, Ohio",58770,62500,152500,5627,39,143,0.09574612897736941
"Scioto County, Ohio",73118,49571,132300,5843,39,145,0.0799119231926475
"Seneca County, Ohio",54861,65020,136200,4897,39,147,0.08926195293560088
"Shelby County, Ohio",48007,72822,190300,4387,39,149,0.09138250671777033
"Stark County, Ohio",373764,65740,177700,42362,39,151,0.11333889834226946
"Summit County, Ohio",538087,71016,195700,85408,39,153,0.1587252619000273
"Trumbull County, Ohio",201367,55088,128100,19491,39,155,0.09679341699484027
"Tuscarawas County, Ohio",92585,64494,176800,8645,39,157,0.09337365663984447
"Union County, Ohio",65293,109506,306600,11245,39,159,0.1722236686934281
"Van Wert County, Ohio",28824,65344,137300,2118,39,161,0.0734804329725229
"Vinton County, Ohio",12686,53813,131700,948,39,163,0.07472804666561564
"Warren County, Ohio",246364,107843,319700,46140,39,165,0.18728385640759201
"Washington County, Ohio",59318,61355,174100,5646,39,167,0.09518190094069254
"Wayne County, Ohio",116618,71769,204600,11591,39,169,0.09939288960537825
"Williams County, Ohio",36862,61834,140000,2421,39,171,0.06567739135152732
"Wood County, Ohio",131795,73124,214400,18512,39,173,0.14046056375431543
"Wyandot County, Ohio",21699,71878,159500,1939,39,175,0.08935895663394626
"Adair County, Oklahoma",19595,48028,111500,892,40,001,0.04552181678999745
"Alfalfa County, Oklahoma",5685,67870,103000,587,40,003,0.10325417766051011
"Atoka County, Oklahoma",14255,52034,138000,1048,40,005,0.07351806383725008
"Beaver County, Oklahoma",5041,64266,117900,543,40,007,0.10771672287244595
"Beckham County, Oklahoma",22202,52323,153400,1299,40,009,0.058508242500675614
"Blaine County, Oklahoma",8603,59304,126200,847,40,011,0.0984540276647681
"Bryan County, Oklahoma",47237,54280,163700,5226,40,013,0.11063361348095772
"Caddo County, Oklahoma",26626,52817,109900,2107,40,015,0.07913317809659731
"Canadian County, Oklahoma",162621,85427,230300,24011,40,017,0.14765005749564938
"Carter County, Oklahoma",48255,58856,153500,4148,40,019,0.08596000414464822
"Cherokee County, Oklahoma",47621,53668,160300,5798,40,021,0.12175300812666681
"Choctaw County, Oklahoma",14299,45456,119700,1026,40,023,0.07175326945940276
"Cimarron County, Oklahoma",2247,57204,94500,440,40,025,0.19581664441477525
"Cleveland County, Oklahoma",297545,74446,222800,40142,40,027,0.13491068577862173
"Coal County, Oklahoma",5275,48162,92500,358,40,029,0.06786729857819905
"Comanche County, Oklahoma",121699,59000,154300,12247,40,031,0.10063353026729882
"Cotton County, Oklahoma",5475,60313,113200,530,40,033,0.09680365296803653
"Craig County, Oklahoma",14215,50182,132900,1040,40,035,0.07316215265564545
"Creek County, Oklahoma",72353,61849,170900,6445,40,037,0.08907716335189972
"Custer County, Oklahoma",28332,57562,177000,3672,40,039,0.12960609911054638
"Delaware County, Oklahoma",41017,55114,164900,3916,40,041,0.0954726089182534
"Dewey County, Oklahoma",4433,60550,118200,360,40,043,0.08120911346717799
"Ellis County, Oklahoma",3717,56992,122500,367,40,045,0.09873553941350552
"Garfield County, Oklahoma",62322,67302,149800,6251,40,047,0.10030165912518854
"Garvin County, Oklahoma",25779,57127,132600,2032,40,049,0.07882384886923464
"Grady County, Oklahoma",55868,75730,187900,5890,40,051,0.10542707811269421
"Grant County, Oklahoma",4137,61824,79500,478,40,053,0.11554266376601402
"Greer County, Oklahoma",5498,60183,103600,520,40,055,0.09457984721716987
"Harmon County, Oklahoma",2452,54286,75700,175,40,057,0.07137030995106036
"Harper County, Oklahoma",3231,59191,99300,442,40,059,0.1367997523986382
"Haskell County, Oklahoma",11667,49930,122300,864,40,061,0.0740550269992286
"Hughes County, Oklahoma",13411,47923,94900,812,40,063,0.060547311908135115
"Jackson County, Oklahoma",24730,61497,145000,2498,40,065,0.10101091791346542
"Jefferson County, Oklahoma",5377,48750,77500,458,40,067,0.08517760833178352
"Johnston County, Oklahoma",10334,50911,110700,1014,40,069,0.0981227017611767
"Kay County, Oklahoma",43731,56673,116800,3746,40,071,0.0856600580823672
"Kingfisher County, Oklahoma",15288,70617,206400,1611,40,073,0.1053767660910518
"Kiowa County, Oklahoma",8458,42063,90300,707,40,075,0.08358950106408135
"Latimer County, Oklahoma",9495,41048,103300,480,40,077,0.05055292259083728
"Le Flore County, Oklahoma",48728,50027,121600,3410,40,079,0.06998029880151042
"Lincoln County, Oklahoma",33917,59425,152000,2552,40,081,0.07524250375917682
"Logan County, Oklahoma",50905,82735,234300,7255,40,083,0.14252038110205284
"Love County, Oklahoma",10196,62940,167500,856,40,085,0.08395449195763044
"McClain County, Oklahoma",43779,84778,233900,5799,40,087,0.13246076886178304
"McCurtain County, Oklahoma",30825,50175,126100,2300,40,089,0.0746147607461476
"McIntosh County, Oklahoma",19237,46203,135800,1322,40,091,0.06872173415813276
"Major County, Oklahoma",7656,69229,134700,694,40,093,0.0906478578892372
"Marshall County, Oklahoma",15628,56495,139700,1407,40,095,0.09003071410289225
"Mayes County, Oklahoma",39406,57279,171900,3315,40,097,0.08412424503882658
"Murray County, Oklahoma",13807,61904,154900,1217,40,099,0.08814369522705874
"Muskogee County, Oklahoma",66471,51999,138800,5849,40,101,0.08799326021874201
"Noble County, Oklahoma",10909,70071,142600,1066,40,103,0.09771748097900816
"Nowata County, Oklahoma",9392,52679,121900,801,40,105,0.08528534923339012
"Okfuskee County, Oklahoma",11304,45441,110800,696,40,107,0.06157112526539278
"Oklahoma County, Oklahoma",800487,65374,207800,115747,40,109,0.1445957273509751
"Okmulgee County, Oklahoma",36922,53123,114600,2975,40,111,0.08057526677861437
"Osage County, Oklahoma",45963,60482,172300,4776,40,113,0.10390966647085699
"Ottawa County, Oklahoma",30360,48656,114300,1973,40,115,0.06498682476943346
"Pawnee County, Oklahoma",15689,57551,125700,1331,40,117,0.08483650965644719
"Payne County, Oklahoma",82290,48937,217700,9757,40,119,0.11856847733624985
"Pittsburg County, Oklahoma",43629,54787,146300,3913,40,121,0.08968805152536156
"Pontotoc County, Oklahoma",38158,62564,170500,4605,40,123,0.12068242570365323
"Pottawatomie County, Oklahoma",73011,60828,155700,6953,40,125,0.09523222528112202
"Pushmataha County, Oklahoma",10787,44634,116800,592,40,127,0.05488087512746825
"Roger Mills County, Oklahoma",3378,62721,152600,365,40,129,0.10805210183540556
"Rogers County, Oklahoma",97235,77688,222200,11550,40,131,0.11878438833753278
"Seminole County, Oklahoma",23550,46191,91200,1655,40,133,0.070276008492569
"Sequoyah County, Oklahoma",39676,49795,127500,2945,40,135,0.07422623248311322
"Stephens County, Oklahoma",43314,60236,135100,3893,40,137,0.08987856120422957
"Texas County, Oklahoma",20880,59275,155600,2052,40,139,0.09827586206896552
"Tillman County, Oklahoma",6967,47445,71900,599,40,141,0.08597674752404191
"Tulsa County, Oklahoma",673708,67317,213500,97061,40,143,0.14406983440897245
"Wagoner County, Oklahoma",84339,78520,216000,10466,40,145,0.12409442843761487
"Washington County, Oklahoma",52895,61205,160900,7284,40,147,0.137706777578221
"Washita County, Oklahoma",10857,61980,113300,951,40,149,0.08759325780602377
"Woods County, Oklahoma",8619,50512,141900,1216,40,151,0.1410836523958696
"Woodward County, Oklahoma",20260,65060,178000,2011,40,153,0.09925962487660414
"Baker County, Oregon",16796,57844,247700,2377,41,001,0.14152179090259587
"Benton County, Oregon",96359,76011,481700,17133,41,003,0.1778038377318154
"Clackamas County, Oregon",422308,100360,577900,77182,41,005,0.18276234407115186
"Clatsop County, Oregon",41343,68705,437800,5247,41,007,0.12691386691822074
"Columbia County, Oregon",53178,86359,390600,4996,41,009,0.09394862537139419
"Coos County, Oregon",64832,60313,302800,6445,41,011,0.0994107847976308
"Crook County, Oregon",25651,81675,423300,2789,41,013,0.1087287045339363
"Curry County, Oregon",23463,64769,366700,2802,41,015,0.1194220687891574
"Deschutes County, Oregon",203026,87640,596000,41151,41,017,0.20268832563317013
"Douglas County, Oregon",111807,58983,283200,10059,41,019,0.08996753333869972
"Gilliam County, Oregon",2002,64219,158400,254,41,021,0.12687312687312688
"Grant County, Oregon",7238,59800,225100,793,41,023,0.10956065211384361
"Harney County, Oregon",7515,48338,190600,462,41,025,0.06147704590818363
"Hood River County, Oregon",23958,82095,571200,3834,41,027,0.16003005259203607
"Jackson County, Oregon",222563,71443,400200,30128,41,029,0.13536841253937087
"Jefferson County, Oregon",24973,73051,339200,2460,41,031,0.09850638689784967
"Josephine County, Oregon",88069,59097,383100,8115,41,033,0.09214366008470631
"Klamath County, Oregon",69812,59353,255700,6623,41,035,0.09486907694952157
"Lake County, Oregon",8254,61222,219400,871,41,037,0.1055245941361764
"Lane County, Oregon",382628,69311,395800,52544,41,039,0.13732398047189437
"Lincoln County, Oregon",50632,61314,387700,6725,41,041,0.13282114078053406
"Linn County, Oregon",129794,73396,344600,12644,41,043,0.09741590520363037
"Malheur County, Oregon",31701,49902,221300,2163,41,045,0.0682312860793035
"Marion County, Oregon",346532,74624,383300,39674,41,047,0.11448870522780003
"Morrow County, Oregon",12249,70217,229800,495,41,049,0.04041146216017634
"Multnomah County, Oregon",803863,86247,528000,175476,41,051,0.21829092768295094
"Polk County, Oregon",88553,81318,419500,10913,41,053,0.1232369315551139
"Sherman County, Oregon",1908,59500,206700,150,41,055,0.07861635220125786
"Tillamook County, Oregon",27471,66551,408600,3513,41,057,0.12788031014524406
"Umatilla County, Oregon",80087,68958,256100,6127,41,059,0.07650430157204041
"Union County, Oregon",26192,64212,260500,3003,41,061,0.11465332926084301
"Wallowa County, Oregon",7532,65559,371900,1293,41,063,0.17166755177907594
"Wasco County, Oregon",26603,63602,332500,2498,41,065,0.09389918430252227
"Washington County, Oregon",600266,104434,558500,119682,41,067,0.1993816074873473
"Wheeler County, Oregon",1434,51250,259000,146,41,069,0.10181311018131102
"Yamhill County, Oregon",108122,87084,442700,14134,41,071,0.13072270213277593
"Adams County, Pennsylvania",105183,81071,256100,10664,42,001,0.1013852048334807
"Allegheny County, Pennsylvania",1240476,76393,216700,234058,42,003,0.18868402129505124
"Armstrong County, Pennsylvania",65069,64295,146300,6077,42,005,0.0933931672532235
"Beaver County, Pennsylvania",166993,70156,185500,23804,42,007,0.14254489709149484
"Bedford County, Pennsylvania",47503,60302,172900,3416,42,009,0.07191124771067091
"Berks County, Pennsylvania",429989,77684,239700,51020,42,011,0.11865419813064985
"Blair County, Pennsylvania",121854,60594,156700,14289,42,013,0.11726328228864051
"Bradford County, Pennsylvania",59971,62482,182300,5356,42,015,0.08930983308599157
"Bucks County, Pennsylvania",645993,111951,421700,121430,42,017,0.1879741730947549
"Butler County, Pennsylvania",195870,86775,275600,34211,42,019,0.17466176545668044
"Cambria County, Pennsylvania",132355,56292,115900,14657,42,021,0.11074005515469759
"Cameron County, Pennsylvania",4475,47681,88200,297,42,023,0.06636871508379888
"Carbon County, Pennsylvania",65191,67877,193700,6014,42,025,0.09225199797518062
"Centre County, Pennsylvania",158041,72748,308100,21816,42,027,0.1380401288273296
"Chester County, Pennsylvania",540896,123041,461800,122249,42,029,0.22601202449269361
"Clarion County, Pennsylvania",37297,60668,152100,3684,42,031,0.09877470037804649
"Clearfield County, Pennsylvania",78902,60181,125000,7882,42,033,0.09989607361030138
"Clinton County, Pennsylvania",37707,58842,179100,3398,42,035,0.0901158936006577
"Columbia County, Pennsylvania",65055,61992,199200,6599,42,037,0.10143724540773191
"Crawford County, Pennsylvania",83189,60254,143400,7699,42,039,0.09254829364459244
"Cumberland County, Pennsylvania",264422,85634,261900,44066,42,041,0.16665027872113516
"Dauphin County, Pennsylvania",287484,74159,222300,43600,42,043,0.15166061415591825
"Delaware County, Pennsylvania",576195,88576,302400,92346,42,045,0.16026865904771823
"Elk County, Pennsylvania",30703,64103,128600,3039,42,047,0.09898055564602808
"Erie County, Pennsylvania",269544,61476,169500,34597,42,049,0.12835381236458612
"Fayette County, Pennsylvania",126967,56093,126900,11552,42,051,0.09098427150361905
"Forest County, Pennsylvania",6785,50061,111900,521,42,053,0.07678703021370671
"Franklin County, Pennsylvania",156626,74946,236300,15824,42,055,0.10103048025232081
"Fulton County, Pennsylvania",14545,64798,206000,1128,42,057,0.07755242351323478
"Greene County, Pennsylvania",35265,66870,146200,3239,42,059,0.09184744080533107
"Huntingdon County, Pennsylvania",43844,65429,180300,3807,42,061,0.08683058115135481
"Indiana County, Pennsylvania",83213,58739,145400,8416,42,063,0.10113804333457513
"Jefferson County, Pennsylvania",44099,56898,126700,3704,42,065,0.08399283430463275
"Juniata County, Pennsylvania",23419,63923,206300,1685,42,067,0.0719501259660959
"Lackawanna County, Pennsylvania",215834,64691,189900,27959,42,069,0.12953936821816767
"Lancaster County, Pennsylvania",555151,83703,279400,74352,42,071,0.1339311286478814
"Lawrence County, Pennsylvania",85423,60779,136700,9825,42,073,0.1150158622385072
"Lebanon County, Pennsylvania",143592,76350,227300,15036,42,075,0.10471335450442922
"Lehigh County, Pennsylvania",375408,77493,276100,53447,42,077,0.14237043430081406
"Luzerne County, Pennsylvania",325978,62321,163800,35628,42,079,0.10929571934302315
"Lycoming County, Pennsylvania",113570,64412,195600,12615,42,081,0.1110768688914326
"McKean County, Pennsylvania",40149,61705,98700,3621,42,083,0.09018904580437868
"Mercer County, Pennsylvania",109852,60614,153600,12771,42,085,0.11625641772566726
"Mifflin County, Pennsylvania",46074,61415,142900,2726,42,087,0.059165689976993535
"Monroe County, Pennsylvania",167784,82374,241200,20846,42,089,0.1242430744290278
"Montgomery County, Pennsylvania",861225,111521,409900,177678,42,091,0.20630845597840286
"Montour County, Pennsylvania",18079,72926,240300,2257,42,093,0.1248409757176835
"Northampton County, Pennsylvania",315927,86687,285000,45687,42,095,0.14461252124699694
"Northumberland County, Pennsylvania",90925,57948,151600,8964,42,097,0.09858674731921914
"Perry County, Pennsylvania",45988,78824,222800,4298,42,099,0.09345916325998087
"Philadelphia County, Pennsylvania",1582432,60698,232400,210729,42,101,0.13316780752664253
"Pike County, Pennsylvania",59691,79318,250900,7591,42,103,0.12717160040877185
"Potter County, Pennsylvania",16276,59840,146200,1267,42,105,0.07784467928237897
"Schuylkill County, Pennsylvania",143259,66901,140400,13058,42,107,0.09114959618592898
"Snyder County, Pennsylvania",39711,68435,205500,3413,42,109,0.08594595955780514
"Somerset County, Pennsylvania",73255,59378,130600,6080,42,111,0.08299774759402088
"Sullivan County, Pennsylvania",5849,64758,186400,607,42,113,0.10377842366216447
"Susquehanna County, Pennsylvania",38349,66930,206700,3625,42,115,0.09452658478708702
"Tioga County, Pennsylvania",41078,62932,176000,3708,42,117,0.0902672963630167
"Union County, Pennsylvania",42570,72894,222900,4218,42,119,0.09908386187455955
"Venango County, Pennsylvania",50096,61626,114500,4710,42,121,0.09401948259342063
"Warren County, Pennsylvania",38174,59013,121800,3561,42,123,0.0932833865982082
"Washington County, Pennsylvania",209778,77487,220600,31109,42,125,0.14829486409442363
"Wayne County, Pennsylvania",51189,62182,228200,4990,42,127,0.09748188087284378
"Westmoreland County, Pennsylvania",353345,72468,193100,52941,42,129,0.1498280717146132
"Wyoming County, Pennsylvania",26075,70268,205600,2613,42,131,0.10021093000958772
"York County, Pennsylvania",459312,82238,235000,55071,42,133,0.11989889225624412
"Bristol County, Rhode Island",50568,110926,468000,9827,44,001,0.19433238411643727
"Kent County, Rhode Island",170658,91278,333900,27118,44,003,0.1589026005226828
"Newport County, Rhode Island",85095,100859,559700,19654,44,005,0.23096539162112933
"Providence County, Rhode Island",658977,78204,339100,90198,44,007,0.1368757938440947
"Washington County, Rhode Island",130073,102478,469800,25962,44,009,0.19959561169497128
"Abbeville County, South Carolina",24352,52112,147200,2314,45,001,0.09502299605781866
"Aiken County, South Carolina",171949,67940,199500,23850,45,003,0.13870391802220425
"Allendale County, South Carolina",7738,31603,61600,329,45,005,0.04251744636857069
"Anderson County, South Carolina",207218,64683,212500,23852,45,007,0.11510583057456399
"Bamberg County, South Carolina",13164,43206,96000,961,45,009,0.07300212701306594
"Barnwell County, South Carolina",20565,41800,97200,1154,45,011,0.05611475808412351
"Beaufort County, South Carolina",192123,84819,407600,35837,45,013,0.18653154489571785
"Berkeley County, South Carolina",238723,82327,280300,30937,45,015,0.1295937132157354
"Calhoun County, South Carolina",14150,56690,148800,1528,45,017,0.10798586572438162
"Charleston County, South Carolina",414711,84320,450800,89757,45,019,0.2164326482779574
"Cherokee County, South Carolina",56299,49047,135200,4261,45,021,0.07568518090907476
"Chester County, South Carolina",32177,51216,143800,1891,45,023,0.05876868570718215
"Chesterfield County, South Carolina",43575,47620,101400,2446,45,025,0.056133103843947214
"Clarendon County, South Carolina",31037,48887,147300,2587,45,027,0.0833521281051648
"Colleton County, South Carolina",38623,48779,145900,2941,45,029,0.07614633767444269
"Darlington County, South Carolina",62754,47419,141400,5309,45,031,0.08460018484877457
"Dillon County, South Carolina",28031,44038,84400,1287,45,033,0.045913452962791194
"Dorchester County, South Carolina",164322,76896,294400,21584,45,035,0.13135185793746423
"Edgefield County, South Carolina",26508,67092,194300,2447,45,037,0.09231175494190433
"Fairfield County, South Carolina",20741,46972,129100,1369,45,039,0.06600453208620606
"Florence County, South Carolina",136921,56650,165500,13604,45,041,0.09935656327371258
"Georgetown County, South Carolina",64200,66734,262300,9951,45,043,0.155
"Greenville County, South Carolina",537575,74624,273900,92650,45,045,0.17234804445891272
"Greenwood County, South Carolina",69329,50635,166400,7548,45,047,0.10887218912720506
"Hampton County, South Carolina",18555,43059,102400,954,45,049,0.05141471301535974
"Horry County, South Carolina",368937,64623,260500,47837,45,051,0.1296617037597205
"Jasper County, South Carolina",30658,63503,269400,4219,45,053,0.13761497814599777
"Kershaw County, South Carolina",66924,64343,191900,6426,45,055,0.09601936525013448
"Lancaster County, South Carolina",100905,74751,298100,14475,45,057,0.143451761557901
"Laurens County, South Carolina",67904,55517,153500,5591,45,059,0.08233682846371347
"Lee County, South Carolina",16330,44145,101900,1003,45,061,0.0614206981016534
"Lexington County, South Carolina",300370,75014,217700,43013,45,063,0.14320005326763657
"McCormick County, South Carolina",9701,55344,159000,1307,45,065,0.13472837851767858
"Marion County, South Carolina",28900,34501,86800,1702,45,067,0.05889273356401384
"Marlboro County, South Carolina",26285,36293,74500,1134,45,069,0.043142476697736354
"Newberry County, South Carolina",38121,59670,158200,3652,45,071,0.09580021510453555
"Oconee County, South Carolina",79566,60193,217200,10080,45,073,0.1266872784857854
"Orangeburg County, South Carolina",83531,43214,109700,5842,45,075,0.06993810681064515
"Pickens County, South Carolina",132604,59411,216000,12812,45,077,0.09661850321257277
"Richland County, South Carolina",418725,61699,224200,62729,45,079,0.14980954086811152
"Saluda County, South Carolina",18958,52957,123200,1521,45,081,0.08022998206561874
"Spartanburg County, South Carolina",338096,64195,216000,36052,45,083,0.10663243575789125
"Sumter County, South Carolina",104853,55990,159500,9755,45,085,0.09303501092004997
"Union County, South Carolina",26990,41200,100000,1995,45,087,0.07391626528343831
"Williamsburg County, South Carolina",30517,43471,95100,1956,45,089,0.0640954222236786
"York County, South Carolina",288559,83060,322700,47386,45,091,0.16421598355968797
"Aurora County, South Dakota",2573,74130,129000,255,46,003,0.09910610182666149
"Beadle County, South Dakota",19279,63082,178400,2303,46,005,0.11945640334042222
"Bennett County, South Dakota",3354,44569,138600,320,46,007,0.09540846750149076
"Bon Homme County, South Dakota",7024,61275,120300,692,46,009,0.09851936218678815
"Brookings County, South Dakota",34968,67341,246300,5558,46,011,0.15894532143674217
"Brown County, South Dakota",38079,70239,212900,6160,46,013,0.1617689540166496
"Brule County, South Dakota",5261,74043,205500,809,46,015,0.1537730469492492
"Buffalo County, South Dakota",1757,47000,108000,41,46,017,0.02333523050654525
"Butte County, South Dakota",10538,67692,207700,963,46,019,0.0913835642436895
"Campbell County, South Dakota",1481,65000,87900,283,46,021,0.19108710330857528
"Charles Mix County, South Dakota",9281,64850,169200,1035,46,023,0.11151815537118845
"Clark County, South Dakota",3876,62885,141900,355,46,025,0.09158926728586171
"Clay County, South Dakota",15133,58794,221800,1828,46,027,0.12079561223815502
"Codington County, South Dakota",28556,65080,218000,2900,46,029,0.10155483961339123
"Corson County, South Dakota",3859,43750,73800,329,46,031,0.08525524747343871
"Custer County, South Dakota",8686,81958,327200,1451,46,033,0.16705042597282985
"Davison County, South Dakota",19936,61401,190000,2516,46,035,0.12620385232744782
"Day County, South Dakota",5460,62270,155100,631,46,037,0.11556776556776557
"Deuel County, South Dakota",4318,79556,180100,546,46,039,0.12644742936544698
"Dewey County, South Dakota",5230,57928,75400,326,46,041,0.06233269598470363
"Douglas County, South Dakota",2823,78125,125000,347,46,043,0.12291888062345023
"Edmunds County, South Dakota",4033,77266,163600,649,46,045,0.16092239028018845
"Fall River County, South Dakota",7179,61056,176300,829,46,047,0.11547569299345313
"Faulk County, South Dakota",2137,58000,124100,172,46,049,0.08048666354702855
"Grant County, South Dakota",7544,73818,179400,948,46,051,0.1256627783669141
"Gregory County, South Dakota",3993,52432,129000,376,46,053,0.09416478837966441
"Haakon County, South Dakota",1708,59231,153200,199,46,055,0.11651053864168619
"Hamlin County, South Dakota",6288,83194,207700,671,46,057,0.10671119592875318
"Hand County, South Dakota",3045,72054,152100,445,46,059,0.14614121510673234
"Hanson County, South Dakota",3473,86375,192400,356,46,061,0.10250503887129284
"Harding County, South Dakota",1092,74766,156400,212,46,063,0.19413919413919414
"Hughes County, South Dakota",17732,78981,221100,3099,46,065,0.1747687796074893
"Hutchinson County, South Dakota",7393,74459,160500,984,46,067,0.13309887731638037
"Hyde County, South Dakota",1305,74279,134500,180,46,069,0.13793103448275862
"Jackson County, South Dakota",2826,26686,111500,164,46,071,0.05803255484784147
"Jerauld County, South Dakota",1845,75417,127000,228,46,073,0.12357723577235773
"Jones County, South Dakota",1030,64688,117100,119,46,075,0.11553398058252427
"Kingsbury County, South Dakota",5210,70221,159600,588,46,077,0.1128598848368522
"Lake County, South Dakota",11052,73792,231000,1986,46,079,0.17969598262757872
"Lawrence County, South Dakota",26574,66766,310800,4381,46,081,0.16486038985474524
"Lincoln County, South Dakota",68286,96552,323500,12480,46,083,0.1827607415868553
"Lyman County, South Dakota",3717,61169,156500,491,46,085,0.13209577616357276
"McCook County, South Dakota",5732,80847,217300,736,46,087,0.1284019539427774
"McPherson County, South Dakota",2278,62024,78400,299,46,089,0.13125548726953468
"Marshall County, South Dakota",4355,72500,147200,542,46,091,0.12445464982778416
"Meade County, South Dakota",30297,74161,274800,4301,46,093,0.14196125028880746
"Mellette County, South Dakota",2043,51364,63000,163,46,095,0.0797846304454234
"Miner County, South Dakota",2299,72589,114100,220,46,097,0.09569377990430622
"Minnehaha County, South Dakota",200689,76074,266600,32296,46,099,0.16092561126917768
"Moody County, South Dakota",6371,77500,206300,850,46,101,0.13341704598964055
"Oglala Lakota County, South Dakota",13587,34769,45600,452,46,102,0.033267093545300656
"Pennington County, South Dakota",112081,70768,270400,16951,46,103,0.1512388361988205
"Perkins County, South Dakota",3058,65455,105900,347,46,105,0.11347285807717462
"Potter County, South Dakota",2430,71726,121300,384,46,107,0.1580246913580247
"Roberts County, South Dakota",10219,63691,139100,868,46,109,0.08493981798610431
"Sanborn County, South Dakota",2370,69870,138500,212,46,111,0.08945147679324894
"Spink County, South Dakota",6283,73011,117400,1004,46,115,0.15979627566449148
"Stanley County, South Dakota",3012,77000,169900,353,46,117,0.11719787516600266
"Sully County, South Dakota",1481,70250,198700,197,46,119,0.13301823092505063
"Todd County, South Dakota",9293,39148,45200,555,46,121,0.0597223716776068
"Tripp County, South Dakota",5607,58854,137100,637,46,123,0.1136079900124844
"Turner County, South Dakota",8772,75283,199000,1193,46,125,0.13600091199270406
"Union County, South Dakota",16916,84137,269500,2659,46,127,0.1571884606289903
"Walworth County, South Dakota",5298,62722,130000,820,46,129,0.15477538693846735
"Yankton County, South Dakota",23379,73855,208200,2864,46,135,0.12250310107361308
"Ziebach County, South Dakota",2410,47333,101700,164,46,137,0.06804979253112033
"Anderson County, Tennessee",78175,63171,215800,8511,47,001,0.10887112248161177
"Bedford County, Tennessee",51291,62197,255300,4027,47,003,0.07851279951648438
"Benton County, Tennessee",15948,50435,123400,864,47,005,0.05417607223476298
"Bledsoe County, Tennessee",14905,49655,165400,585,47,007,0.03924857430392486
"Blount County, Tennessee",137747,74607,275700,17143,47,009,0.1244528011499343
"Bradley County, Tennessee",109743,63789,230800,11344,47,011,0.10336877978549884
"Campbell County, Tennessee",39568,50260,169500,2230,47,013,0.05635867367569753
"Cannon County, Tennessee",14661,58092,227600,1216,47,015,0.0829411363481345
"Carroll County, Tennessee",28461,50391,122100,2144,47,017,0.07533115491374161
"Carter County, Tennessee",56462,48435,157200,5799,47,019,0.10270624490807977
"Cheatham County, Tennessee",41500,82015,291400,4920,47,021,0.11855421686746988
"Chester County, Tennessee",17452,60543,155200,1344,47,023,0.07701123080449232
"Claiborne County, Tennessee",32221,46587,148000,2233,47,025,0.06930262872039974
"Clay County, Tennessee",7621,44712,136900,350,47,027,0.0459257315312951
"Cocke County, Tennessee",36503,48416,141800,1996,47,029,0.05468043722433773
"Coffee County, Tennessee",58940,60656,227300,5200,47,031,0.08822531387852053
"Crockett County, Tennessee",13937,59049,134100,1016,47,033,0.07289947621439334
"Cumberland County, Tennessee",62529,58475,228000,5251,47,035,0.08397703465591966
"Davidson County, Tennessee",709846,75664,386600,144376,47,037,0.2033905945796694
"Decatur County, Tennessee",11499,46190,133900,1045,47,039,0.09087746760587877
"DeKalb County, Tennessee",20551,48484,206600,1869,47,041,0.09094447958736801
"Dickson County, Tennessee",55197,73223,272700,5388,47,043,0.09761400076091092
"Dyer County, Tennessee",36681,54973,159500,3337,47,045,0.09097352852975656
"Fayette County, Tennessee",42653,84764,316000,5812,47,047,0.13626239654889458
"Fentress County, Tennessee",18948,50865,151800,1342,47,049,0.07082541693054675
"Franklin County, Tennessee",43478,61553,215700,4298,47,051,0.09885459312755876
"Gibson County, Tennessee",50610,59009,149700,4195,47,053,0.08288875716261608
"Giles County, Tennessee",30442,61476,204100,2706,47,055,0.08889034886012745
"Grainger County, Tennessee",23929,51351,172000,1500,47,057,0.06268544443980108
"Greene County, Tennessee",70919,54071,186400,5717,47,059,0.08061309381124945
"Grundy County, Tennessee",13665,45573,133400,581,47,061,0.04251738016831321
"Hamblen County, Tennessee",64930,52794,188800,5231,47,063,0.08056368396734945
"Hamilton County, Tennessee",370913,72568,282100,60648,47,065,0.16351004143828876
"Hancock County, Tennessee",6790,31995,118000,213,47,067,0.03136966126656848
"Hardeman County, Tennessee",25477,46173,116800,1334,47,069,0.05236095301644621
"Hardin County, Tennessee",26939,49149,154000,1815,47,071,0.06737443854634545
"Hawkins County, Tennessee",57446,55278,166900,4686,47,073,0.08157225916512899
"Haywood County, Tennessee",17672,43513,119600,1018,47,075,0.057605251244907195
"Henderson County, Tennessee",27906,53471,156000,1898,47,077,0.06801404715831721
"Henry County, Tennessee",32345,48540,145200,2813,47,079,0.08696861957025816
"Hickman County, Tennessee",25229,57223,192000,1702,47,081,0.06746204764358477
"Houston County, Tennessee",8293,54475,150100,516,47,083,0.06222115036778005
"Humphreys County, Tennessee",19074,59333,186900,1383,47,085,0.07250707769738912
"Jackson County, Tennessee",11882,41475,135200,884,47,087,0.07439824945295405
"Jefferson County, Tennessee",55835,63084,210000,5156,47,089,0.09234351213396615
"Johnson County, Tennessee",18073,52152,175500,1537,47,091,0.08504398826979472
"Knox County, Tennessee",487401,71662,279700,79863,47,093,0.16385481359291426
"Lake County, Tennessee",6691,30500,107000,265,47,095,0.03960544014347631
"Lauderdale County, Tennessee",24933,49205,122100,1163,47,097,0.04664500862310993
"Lawrence County, Tennessee",44901,53233,176700,2862,47,099,0.06374022850270596
"Lewis County, Tennessee",12784,49477,157800,690,47,101,0.053973717146433044
"Lincoln County, Tennessee",35617,63115,209100,2850,47,103,0.08001796894741275
"Loudon County, Tennessee",56996,80296,292600,7546,47,105,0.1323952558074251
"McMinn County, Tennessee",54135,59674,190400,4381,47,107,0.0809273113512515
"McNairy County, Tennessee",25933,50714,151100,1430,47,109,0.05514209694212008
"Macon County, Tennessee",25793,56269,211200,1349,47,111,0.052301011902454154
"Madison County, Tennessee",98845,58189,189700,10569,47,113,0.10692498356011938
"Marion County, Tennessee",29010,58103,173600,2100,47,115,0.07238883143743537
"Marshall County, Tennessee",35276,70829,246100,3576,47,117,0.1013720376459916
"Maury County, Tennessee",104855,74162,307500,13590,47,119,0.12960755328787374
"Meigs County, Tennessee",13076,58395,185500,762,47,121,0.05827470174365249
"Monroe County, Tennessee",47054,56648,199700,3605,47,123,0.07661410294555192
"Montgomery County, Tennessee",227957,72365,248300,27593,47,125,0.12104475844128498
"Moore County, Tennessee",6611,66687,259300,775,47,127,0.11722886098926033
"Morgan County, Tennessee",21193,57408,144000,1301,47,129,0.06138819421507102
"Obion County, Tennessee",30570,53102,122700,2351,47,131,0.07690546287209683
"Overton County, Tennessee",22807,46159,171700,1435,47,133,0.06291927916867629
"Perry County, Tennessee",8561,50489,113800,569,47,135,0.0664641981076977
"Pickett County, Tennessee",5062,44591,162200,404,47,137,0.07981035163966811
"Polk County, Tennessee",17702,60227,136400,1199,47,139,0.06773245960908372
"Putnam County, Tennessee",81366,56537,246800,9605,47,141,0.11804685003564143
"Rhea County, Tennessee",33299,58133,178500,2740,47,143,0.08228475329589477
"Roane County, Tennessee",54403,66218,212300,5175,47,145,0.0951234306931603
"Robertson County, Tennessee",74291,78439,296700,7867,47,147,0.10589438828391057
"Rutherford County, Tennessee",351591,82588,346400,52342,47,149,0.14887184256707367
"Scott County, Tennessee",21969,42679,116800,869,47,151,0.03955573763029724
"Sequatchie County, Tennessee",16409,52260,217800,1446,47,153,0.08812237186909623
"Sevier County, Tennessee",98802,63829,259500,10314,47,155,0.10439059938057935
"Shelby County, Tennessee",922195,62337,229700,121963,47,157,0.13225293999642157
"Smith County, Tennessee",20196,62799,224500,1783,47,159,0.08828480887304417
"Stewart County, Tennessee",13859,62052,182700,1148,47,161,0.0828342593260697
"Sullivan County, Tennessee",159693,56802,190800,20755,47,163,0.12996812634241953
"Sumner County, Tennessee",200553,86005,364000,30532,47,165,0.15223905900185986
"Tipton County, Tennessee",61339,71736,220100,4902,47,167,0.07991652945108332
"Trousdale County, Tennessee",11805,63190,284100,544,47,169,0.046082168572638714
"Unicoi County, Tennessee",17779,50381,168200,1635,47,171,0.09196242758310366
"Union County, Tennessee",20141,61858,186300,1284,47,173,0.06375055856213693
"Van Buren County, Tennessee",6293,60281,149200,394,47,175,0.0626092483712061
"Warren County, Tennessee",41587,54088,173900,2939,47,177,0.07067112318753456
"Washington County, Tennessee",134693,61051,231700,17600,47,179,0.13066751798534446
"Wayne County, Tennessee",16251,52824,126600,1037,47,181,0.06381145775644576
"Weakley County, Tennessee",32959,49502,136300,2779,47,183,0.0843168785460724
"White County, Tennessee",27764,52206,190200,1898,47,185,0.06836190750612303
"Williamson County, Tennessee",254609,131202,673700,64211,47,187,0.25219454143412057
"Wilson County, Tennessee",153587,94048,397000,26396,47,189,0.1718635040726103
"Anderson County, Texas",57825,58846,173400,4344,48,001,0.07512321660181583
"Andrews County, Texas",18518,76902,188200,1749,48,003,0.09444864456204774
"Angelina County, Texas",86791,58847,149800,6400,48,005,0.07374036478436705
"Aransas County, Texas",24449,61754,236800,3812,48,007,0.1559163973986666
"Archer County, Texas",8734,71958,175300,1084,48,009,0.12411266315548432
"Armstrong County, Texas",1883,68462,185700,164,48,011,0.08709506107275625
"Atascosa County, Texas",50058,69413,157400,3816,48,013,0.07623157137720245
"Austin County, Texas",30712,75994,270900,3663,48,015,0.11926934097421203
"Bailey County, Texas",7044,70625,104400,501,48,017,0.07112436115843271
"Bandera County, Texas",21589,69703,249800,2681,48,019,0.12418361202464218
"Bastrop County, Texas",102370,82730,269500,9929,48,021,0.09699130604669337
"Baylor County, Texas",3464,42313,93300,556,48,023,0.1605080831408776
"Bee County, Texas",31000,56075,102800,1679,48,025,0.054161290322580644
"Bell County, Texas",379811,66051,221100,42123,48,027,0.11090516072467622
"Bexar County, Texas",2037344,70571,244100,257932,48,029,0.12660208585295366
"Blanco County, Texas",12008,87564,396200,2459,48,031,0.20478014656895402
"Borden County, Texas",723,64250,105400,113,48,033,0.15629322268326418
"Bosque County, Texas",18546,69339,184500,1851,48,035,0.09980588806211582
"Bowie County, Texas",92321,59295,161300,8478,48,037,0.09183176092113388
"Brazoria County, Texas",381650,95155,276800,50517,48,039,0.1323647320843705
"Brazos County, Texas",237980,58388,279700,29828,48,041,0.1253382637196403
"Brewster County, Texas",9464,52612,216000,1916,48,043,0.20245139475908708
"Briscoe County, Texas",1223,41188,82900,137,48,045,0.11201962387571546
"Brooks County, Texas",6987,31310,82700,630,48,047,0.090167453842851
"Brown County, Texas",38294,55305,149900,3809,48,049,0.09946727946936856
"Burleson County, Texas",18327,72888,174000,2127,48,051,0.1160582746767065
"Burnet County, Texas",51064,77158,310500,7161,48,053,0.1402357825473915
"Caldwell County, Texas",47184,68503,215600,3772,48,055,0.07994235334011529
"Calhoun County, Texas",19921,71870,150000,1490,48,057,0.07479544199588374
"Callahan County, Texas",14017,68455,144800,1711,48,059,0.12206606263822502
"Cameron County, Texas",423192,51334,120000,35367,48,061,0.08357199568989962
"Camp County, Texas",12652,55061,159900,1213,48,063,0.09587417009168511
"Carson County, Texas",5802,84583,140600,674,48,065,0.11616683902102723
"Cass County, Texas",28582,54328,133500,2432,48,067,0.08508851724861802
"Castro County, Texas",7328,63485,94900,797,48,069,0.10876091703056769
"Chambers County, Texas",49178,108114,289900,5428,48,071,0.11037455772906585
"Cherokee County, Texas",51143,59830,160300,4065,48,073,0.07948301820385976
"Childress County, Texas",6772,60333,115100,406,48,075,0.059952746603662135
"Clay County, Texas",10402,77355,161300,1275,48,077,0.1225725821957316
"Cochran County, Texas",2520,42137,57700,123,48,079,0.04880952380952381
"Coke County, Texas",3315,46431,112900,348,48,081,0.10497737556561086
"Coleman County, Texas",7765,52364,91200,800,48,083,0.103026400515132
"Collin County, Texas",1116601,117588,447600,250024,48,085,0.22391525710616417
"Collingsworth County, Texas",2733,60165,108400,321,48,087,0.11745334796926454
"Colorado County, Texas",20736,68554,194000,2294,48,089,0.11062885802469136
"Comal County, Texas",174552,99015,398800,33728,48,091,0.19322608735505753
"Comanche County, Texas",13786,59946,137800,1320,48,093,0.09574931089511098
"Concho County, Texas",3301,59632,105800,231,48,095,0.06997879430475613
"Cooke County, Texas",42473,72472,224600,4507,48,097,0.1061144727238481
"Coryell County, Texas",83772,68904,177400,6681,48,099,0.07975218450078786
"Cottle County, Texas",1302,58819,54100,146,48,101,0.11213517665130568
"Crane County, Texas",4623,59915,119900,294,48,103,0.063595068137573
"Crockett County, Texas",2881,81739,140000,150,48,105,0.05206525511975009
"Crosby County, Texas",5072,52197,75500,374,48,107,0.07373817034700315
"Culberson County, Texas",2181,42672,84500,248,48,109,0.11370930765703806
"Dallam County, Texas",7180,72332,140500,598,48,111,0.08328690807799442
"Dallas County, Texas",2603816,74149,277900,363144,48,113,0.1394660759439223
"Dawson County, Texas",12311,55789,90800,963,48,115,0.07822272764194622
"Deaf Smith County, Texas",18487,54114,116000,886,48,117,0.047925569318980905
"Delta County, Texas",5345,62855,149400,547,48,119,0.10233863423760524
"Denton County, Texas",945644,108185,403400,201939,48,121,0.2135465354826975
"DeWitt County, Texas",19853,64014,167200,1506,48,123,0.07585755301465773
"Dickens County, Texas",1641,50417,65000,165,48,125,0.10054844606946983
"Dimmit County, Texas",8507,33409,80300,282,48,127,0.03314917127071823
"Donley County, Texas",3276,56648,90500,242,48,129,0.07387057387057387
"Duval County, Texas",9824,50081,86400,280,48,131,0.028501628664495113
"Eastland County, Texas",17846,51741,121700,1844,48,133,0.10332847696962905
"Ector County, Texas",163206,71031,190500,11234,48,135,0.06883325367939905
"Edwards County, Texas",1392,38500,78300,202,48,137,0.14511494252873564
"Ellis County, Texas",203927,95898,306400,25022,48,139,0.12270077037371216
"El Paso County, Texas",866275,58859,167300,92832,48,141,0.10716227525901129
"Erath County, Texas",43244,65351,251900,5509,48,143,0.12739339561557672
"Falls County, Texas",17063,55372,97300,1190,48,145,0.06974154603528102
"Fannin County, Texas",36525,68377,213500,3486,48,147,0.09544147843942505
"Fayette County, Texas",24783,76541,271100,3595,48,149,0.14505911310172295
"Fisher County, Texas",3661,64700,77600,334,48,151,0.09123190385140673
"Floyd County, Texas",5294,55461,101000,473,48,153,0.08934642992066491
"Foard County, Texas",1079,42212,71400,73,48,155,0.06765523632993513
"Fort Bend County, Texas",859721,113409,350300,164356,48,157,0.1911736481951703
"Franklin County, Texas",10522,66800,213200,1431,48,159,0.1360007603117278
"Freestone County, Texas",19813,58460,164400,1577,48,161,0.07959420582445868
"Frio County, Texas",18019,60098,110100,799,48,163,0.04434208335645708
"Gaines County, Texas",21904,76605,185300,786,48,165,0.035883856829802774
"Galveston County, Texas",354721,85348,284900,55058,48,167,0.15521494357537333
"Garza County, Texas",5435,50545,79300,272,48,169,0.050045998160073595
"Gillespie County, Texas",27202,67799,432300,4526,48,171,0.16638482464524668
"Glasscock County, Texas",1070,106806,248600,255,48,173,0.2383177570093458
"Goliad County, Texas",7096,59556,182800,685,48,175,0.09653325817361894
"Gonzales County, Texas",19764,59355,158900,1170,48,177,0.05919854280510018
"Gray County, Texas",21131,56082,100400,1682,48,179,0.07959869386209834
"Grayson County, Texas",139988,70455,228300,15142,48,181,0.10816641426407977
"Gregg County, Texas",124860,64809,185800,12333,48,183,0.09877462758289283
"Grimes County, Texas",30385,67080,226600,2630,48,185,0.08655586638143821
"Guadalupe County, Texas",178368,93776,285900,24432,48,187,0.1369752421959096
"Hale County, Texas",32247,52788,106100,1927,48,189,0.059757496821409746
"Hall County, Texas",2827,46728,80200,265,48,191,0.0937389458790237
"Hamilton County, Texas",8320,55339,124800,1074,48,193,0.12908653846153847
"Hansford County, Texas",5182,68299,132100,753,48,195,0.14531069085295253
"Hardeman County, Texas",3529,61179,76500,305,48,197,0.08642674978747521
"Hardin County, Texas",57126,72532,188200,6111,48,199,0.10697405734691734
"Harris County, Texas",4758579,73104,255000,645298,48,201,0.13560728948705064
"Harrison County, Texas",69584,66040,178200,7031,48,203,0.10104334329730973
"Hartley County, Texas",5307,82122,213200,575,48,205,0.10834746561145657
"Haskell County, Texas",5390,54044,92000,522,48,207,0.09684601113172542
"Hays County, Texas",256429,85827,371400,43152,48,209,0.16828049869554534
"Hemphill County, Texas",3311,72052,214900,459,48,211,0.1386288130474177
"Henderson County, Texas",83658,63955,189600,7857,48,213,0.09391809510148462
"Hidalgo County, Texas",880921,52281,124000,70640,48,215,0.08018880240112337
"Hill County, Texas",36664,63147,163100,3033,48,217,0.08272419812349989
"Hockley County, Texas",21455,54810,112700,1742,48,219,0.08119319505942671
"Hood County, Texas",64198,86802,281300,10532,48,221,0.16405495498302128
"Hopkins County, Texas",37351,64725,193200,3405,48,223,0.09116221787903939
"Houston County, Texas",22042,54563,155100,1761,48,225,0.07989293167589148
"Howard County, Texas",33127,71457,150300,2381,48,227,0.07187490566607299
"Hudspeth County, Texas",3331,39336,57400,237,48,229,0.07114980486340439
"Hunt County, Texas",104917,70112,210900,9967,48,231,0.09499890389546022
"Hutchinson County, Texas",20413,65470,102200,1605,48,233,0.07862636555136433
"Irion County, Texas",1432,58125,152600,205,48,235,0.14315642458100558
"Jack County, Texas",8623,65693,174800,659,48,237,0.07642351849704279
"Jackson County, Texas",15081,61752,175500,1247,48,239,0.08268682448113521
"Jasper County, Texas",32807,49919,125900,1947,48,241,0.05934709055994147
"Jeff Davis County, Texas",1740,32625,234400,265,48,243,0.15229885057471265
"Jefferson County, Texas",253939,59934,159600,22507,48,245,0.08863152174341082
"Jim Hogg County, Texas",4797,42230,125600,331,48,247,0.06900145924536169
"Jim Wells County, Texas",38863,47492,104800,2804,48,249,0.072150889020405
"Johnson County, Texas",188820,81826,254600,20283,48,251,0.10741976485541786
"Jones County, Texas",19968,63472,92700,1285,48,253,0.06435296474358974
"Karnes County, Texas",14819,59103,136900,1107,48,255,0.07470139685538835
"Kaufman County, Texas",160718,88606,290800,18460,48,257,0.11485956768999117
"Kendall County, Texas",46971,110498,489800,10276,48,259,0.21877328564433374
"Kent County, Texas",727,71420,108900,81,48,263,0.11141678129298486
"Kerr County, Texas",53166,67927,285100,7637,48,265,0.1436444344129707
"Kimble County, Texas",4355,65703,173100,560,48,267,0.1285878300803674
"Kinney County, Texas",3140,66341,88500,268,48,271,0.08535031847133757
"Kleberg County, Texas",30629,57612,152200,2602,48,273,0.08495216951255347
"Knox County, Texas",3322,56304,66800,254,48,275,0.07645996387718242
"Lamar County, Texas",50421,61122,175500,4733,48,277,0.09386961781797266
"Lamb County, Texas",12919,56997,76600,802,48,279,0.062079108290115335
"Lampasas County, Texas",22267,76919,236000,2367,48,281,0.10630080388018144
"La Salle County, Texas",6946,55469,101000,176,48,283,0.025338324215375754
"Lavaca County, Texas",20479,61768,220900,2123,48,285,0.10366717124859612
"Lee County, Texas",17758,66000,247500,1769,48,287,0.09961707399481924
"Leon County, Texas",16067,59975,177400,1232,48,289,0.07667890707661666
"Liberty County, Texas",97993,64773,167100,4950,48,291,0.0505138122110763
"Limestone County, Texas",22185,58109,154400,2097,48,293,0.09452332657200811
"Lipscomb County, Texas",2964,71442,128400,373,48,295,0.1258434547908232
"Live Oak County, Texas",11444,53869,142300,735,48,297,0.06422579517651171
"Llano County, Texas",22011,65636,322300,4004,48,299,0.18190904547726136
"Lubbock County, Texas",314633,63367,199600,37942,48,303,0.1205912920768006
"Lynn County, Texas",5667,57411,130800,580,48,305,0.10234692076936651
"McCulloch County, Texas",7565,51919,104400,718,48,307,0.09491077329808328
"McLennan County, Texas",263608,63888,219200,27176,48,309,0.10309247063822038
"McMullen County, Texas",623,45833,108800,49,48,311,0.07865168539325842
"Madison County, Texas",13574,67128,149100,1013,48,313,0.07462796522764108
"Marion County, Texas",9631,47447,110500,958,48,315,0.09947045997300384
"Martin County, Texas",5230,77083,162200,385,48,317,0.07361376673040153
"Mason County, Texas",3951,68750,274600,723,48,319,0.1829916476841306
"Matagorda County, Texas",36274,55174,162200,3721,48,321,0.10258036058885152
"Maverick County, Texas",57770,51270,151500,3794,48,323,0.06567422537649299
"Medina County, Texas",52419,73462,220000,5016,48,325,0.09569049390488182
"Menard County, Texas",1964,48191,105300,233,48,327,0.11863543788187372
"Midland County, Texas",171496,93984,293000,22773,48,329,0.13279026916079675
"Milam County, Texas",25268,59076,168900,2283,48,331,0.09035143264207693
"Mills County, Texas",4499,64494,200200,617,48,333,0.13714158701933762
"Mitchell County, Texas",8989,56033,85700,511,48,335,0.056847257759483814
"Montague County, Texas",20599,62818,189400,1886,48,337,0.09155784261371912
"Montgomery County, Texas",654722,97266,317500,105629,48,339,0.16133412349058074
"Moore County, Texas",21234,61325,135400,1132,48,341,0.05331072807761138
"Morris County, Texas",12014,55082,110200,869,48,343,0.0723322790078242
"Motley County, Texas",1267,62857,81100,161,48,345,0.1270718232044199
"Nacogdoches County, Texas",64897,51528,158200,6125,48,347,0.09438032574695286
"Navarro County, Texas",53735,59310,159900,4059,48,349,0.07553735926305015
"Newton County, Texas",12193,41044,83100,388,48,351,0.031821536947428855
"Nolan County, Texas",14565,50160,98300,823,48,353,0.056505320974939925
"Nueces County, Texas",352829,66021,194700,35747,48,355,0.10131536806781756
"Ochiltree County, Texas",9852,64988,137200,758,48,357,0.07693869265123833
"Oldham County, Texas",2097,76402,144800,229,48,359,0.10920362422508345
"Orange County, Texas",84993,73372,163400,7391,48,361,0.08696010259668444
"Palo Pinto County, Texas",28920,64972,167300,2477,48,363,0.08565006915629322
"Panola County, Texas",22624,62593,146000,1932,48,365,0.0853960396039604
"Parker County, Texas",158079,102099,343600,22395,48,367,0.14166967149336723
"Parmer County, Texas",9752,68164,127300,771,48,369,0.07906070549630845
"Pecos County, Texas",14983,67689,142900,815,48,371,0.05439498097844223
"Polk County, Texas",51780,59066,154000,3389,48,373,0.06544998068752414
"Potter County, Texas",116634,50448,134900,8945,48,375,0.07669290258415214
"Presidio County, Texas",6043,29014,123100,458,48,377,0.07579017044514313
"Rains County, Texas",12505,64874,214900,1802,48,379,0.14410235905637744
"Randall County, Texas",143791,80905,227500,20202,48,381,0.14049558039098414
"Reagan County, Texas",3259,70288,163700,191,48,383,0.058606934642528384
"Red River County, Texas",11621,46912,133800,869,48,387,0.07477841838051803
"Reeves County, Texas",13219,56056,113700,472,48,389,0.035706180497768365
"Refugio County, Texas",6693,58016,94400,498,48,391,0.07440609592111161
"Roberts County, Texas",785,66118,176800,90,48,393,0.11464968152866242
"Robertson County, Texas",16973,66250,172700,1555,48,395,0.09161609615271313
"Rockwall County, Texas",116931,124917,386000,21333,48,397,0.18244092670036174
"Runnels County, Texas",9880,63490,103700,884,48,399,0.08947368421052632
"Rusk County, Texas",52613,67506,166900,4176,48,401,0.07937201832246783
"Sabine County, Texas",9998,59924,131900,853,48,403,0.08531706341268254
"San Augustine County, Texas",7889,46338,83500,409,48,405,0.051844340220560274
"San Jacinto County, Texas",27983,59526,183100,1846,48,407,0.06596862380731158
"San Patricio County, Texas",69519,67512,180400,5313,48,409,0.07642514995900401
"San Saba County, Texas",5802,54855,161800,620,48,411,0.10685970355049983
"Schleicher County, Texas",2426,90141,113400,368,48,413,0.15169002473206925
"Scurry County, Texas",16633,62689,110800,1464,48,415,0.08801779594781459
"Shackelford County, Texas",3169,64659,176900,614,48,417,0.1937519722309877
"Shelby County, Texas",24108,50436,111700,1616,48,419,0.06703169072507052
"Sherman County, Texas",2434,74167,125500,258,48,421,0.10599835661462613
"Smith County, Texas",238014,71923,220800,28778,48,423,0.12090885410101927
"Somervell County, Texas",9510,83382,253600,1252,48,425,0.1316508937960042
"Starr County, Texas",65809,38182,93300,3320,48,427,0.05044902672886687
"Stephens County, Texas",9278,54695,105700,828,48,429,0.0892433714162535
"Sterling County, Texas",1389,78750,143200,129,48,431,0.09287257019438445
"Stonewall County, Texas",1244,61250,54700,57,48,433,0.04581993569131833
"Sutton County, Texas",3306,75000,140600,162,48,435,0.04900181488203267
"Swisher County, Texas",6981,39031,89200,702,48,437,0.1005586592178771
"Tarrant County, Texas",2135743,81905,294100,314353,48,439,0.14718671675384165
"Taylor County, Texas",144259,66406,190300,16428,48,441,0.11387851017960751
"Terrell County, Texas",851,46989,152200,164,48,443,0.1927144535840188
"Terry County, Texas",11699,45905,111200,547,48,445,0.046756133002820756
"Throckmorton County, Texas",1589,58864,84200,208,48,447,0.13089993706733793
"Titus County, Texas",31284,59220,157900,2170,48,449,0.06936453138984784
"Tom Green County, Texas",119398,66254,186700,12999,48,451,0.108871170371363
"Travis County, Texas",1307625,97169,487600,320283,48,453,0.24493490106108404
"Trinity County, Texas",13850,51663,110100,1235,48,455,0.08916967509025271
"Tyler County, Texas",20084,50647,138400,1199,48,457,0.059699263095000996
"Upshur County, Texas",41864,62794,171200,3642,48,459,0.08699598700554176
"Upton County, Texas",3227,52321,106300,144,48,461,0.04462348930895569
"Uvalde County, Texas",24810,57849,144400,2344,48,463,0.09447803305118904
"Val Verde County, Texas",47647,59673,151500,3729,48,465,0.07826305958402417
"Van Zandt County, Texas",61323,68274,199500,5264,48,467,0.08584054922296691
"Victoria County, Texas",91281,70101,197600,8538,48,469,0.09353534689584908
"Walker County, Texas",78292,49862,207900,7528,48,471,0.09615286363868594
"Waller County, Texas",59455,76135,292000,6806,48,473,0.11447313093936591
"Ward County, Texas",11255,71719,138800,555,48,475,0.04931141714793425
"Washington County, Texas",36156,75085,270100,5183,48,477,0.14335103440646088
"Webb County, Texas",267731,62506,178900,22416,48,479,0.08372582928387075
"Wharton County, Texas",41651,66100,182700,3900,48,481,0.093635206837771
"Wheeler County, Texas",4902,67964,97600,596,48,483,0.12158302733578132
"Wichita County, Texas",129842,62168,141600,13326,48,485,0.10263243018437794
"Wilbarger County, Texas",12712,51626,98800,1113,48,487,0.08755506607929515
"Willacy County, Texas",20218,45645,60800,1212,48,489,0.05994658225343753
"Williamson County, Texas",643889,108309,414600,132922,48,491,0.20643620251316608
"Wilson County, Texas",51501,92461,286300,6496,48,493,0.12613347313644396
"Winkler County, Texas",7540,91898,121200,421,48,495,0.05583554376657825
"Wise County, Texas",72359,89897,277200,6900,48,497,0.0953578684061416
"Wood County, Texas",46094,62524,195100,4635,48,499,0.10055538681824099
"Yoakum County, Texas",7589,82261,183000,534,48,501,0.070365001976545
"Young County, Texas",17963,63723,165300,2104,48,503,0.11712965540277237
"Zapata County, Texas",13855,36527,88800,768,48,505,0.05543125225550343
"Zavala County, Texas",9532,41887,88100,461,48,507,0.04836340746957617
"Beaver County, Utah",7172,85603,287600,786,49,001,0.10959286112660346
"Box Elder County, Utah",59725,77865,357400,6763,49,003,0.11323566345751361
"Cache County, Utah",137031,78292,392800,18207,49,005,0.1328677452547234
"Carbon County, Utah",20446,53673,200700,1689,49,007,0.08260784505526754
"Daggett County, Utah",747,58750,242100,41,49,009,0.05488621151271754
"Davis County, Utah",366742,108058,470500,56085,49,011,0.15292767122391218
"Duchesne County, Utah",19932,74738,253600,1417,49,013,0.07109171182018864
"Emery County, Utah",9968,69956,197100,686,49,015,0.06882022471910113
"Garfield County, Utah",5170,61688,285800,838,49,017,0.1620889748549323
"Grand County, Utah",9697,62521,480900,1522,49,019,0.15695575951325152
"Iron County, Utah",60201,65527,342900,6967,49,021,0.1157289746017508
"Juab County, Utah",12273,89803,369800,1011,49,023,0.0823759472011733
"Kane County, Utah",7996,75000,350900,1297,49,025,0.16220610305152577
"Millard County, Utah",13179,70877,246400,1451,49,027,0.11009940056149936
"Morgan County, Utah",12585,126092,600900,1752,49,029,0.13921334922526818
"Piute County, Utah",1705,44650,235400,136,49,031,0.07976539589442816
"Rich County, Utah",2588,76875,291200,266,49,033,0.10278207109737249
"Salt Lake County, Utah",1184689,94658,484500,187544,49,035,0.1583065260165326
"San Juan County, Utah",14466,54890,189900,1187,49,037,0.082054472556339
"Sanpete County, Utah",29209,67459,300400,2333,49,039,0.079872641993906
"Sevier County, Utah",21854,73765,274100,2186,49,041,0.1000274549281596
"Summit County, Utah",42709,137058,1000400,10395,49,043,0.24339132267203634
"Tooele County, Utah",76648,101846,391300,6972,49,045,0.09096127752844171
"Uintah County, Utah",36458,69861,270200,2640,49,047,0.07241209062482858
"Utah County, Utah",683622,96877,489200,106191,49,049,0.15533584349245635
"Wasatch County, Utah",35808,115146,724400,6809,49,051,0.1901530384271671
"Washington County, Utah",189827,76411,465600,25871,49,053,0.13628725102330017
"Wayne County, Utah",2557,70074,364800,338,49,055,0.1321861556511537
"Weber County, Utah",266183,87083,389200,32859,49,057,0.1234451486383428
"Addison County, Vermont",37497,88478,333700,6605,50,001,0.17614742512734352
"Bennington County, Vermont",37312,71494,257400,5782,50,003,0.15496355060034306
"Caledonia County, Vermont",30425,66075,215900,4203,50,005,0.13814297452752672
"Chittenden County, Vermont",168831,94310,404500,35945,50,007,0.21290521290521291
"Essex County, Vermont",5972,58985,167500,575,50,009,0.09628265237776289
"Franklin County, Vermont",50379,79078,285500,6670,50,011,0.13239643502252924
"Grand Isle County, Vermont",7393,90625,363500,1466,50,013,0.19829568510753415
"Lamoille County, Vermont",26036,69897,285200,5196,50,015,0.19956982639422338
"Orange County, Vermont",29594,77328,251000,4452,50,017,0.15043589916875041
"Orleans County, Vermont",27492,66426,213300,3552,50,019,0.12920122217372326
"Rutland County, Vermont",60484,64778,218400,9081,50,021,0.1501388797037233
"Washington County, Vermont",59958,79853,293900,12177,50,023,0.2030921645151606
"Windham County, Vermont",45913,68021,265100,7673,50,025,0.16712042340949188
"Windsor County, Vermont",57968,75247,267400,10840,50,027,0.18699972398564726
"Accomack County, Virginia",33326,57500,193100,3086,51,001,0.092600372081858
"Albemarle County, Virginia",113683,102617,471000,23272,51,003,0.2047095871854191
"Alleghany County, Virginia",14962,55160,122300,975,51,005,0.06516508488170031
"Amelia County, Virginia",13342,66339,239700,1254,51,007,0.09398890721031329
"Amherst County, Virginia",31385,67298,197200,3091,51,009,0.09848653815516967
"Appomattox County, Virginia",16424,62337,189200,1774,51,011,0.10801266439357038
"Arlington County, Virginia",235463,140160,864800,61874,51,013,0.26277589260308415
"Augusta County, Virginia",77713,79972,281400,8972,51,015,0.11545043943741716
"Bath County, Virginia",4123,61709,206000,330,51,017,0.08003880669415474
"Bedford County, Virginia",80254,77644,276600,12205,51,019,0.15207964712039276
"Bland County, Virginia",6211,61375,157100,548,51,021,0.0882305586862019
"Botetourt County, Virginia",33875,80467,268900,4396,51,023,0.12977121771217712
"Brunswick County, Virginia",15868,52978,132700,1144,51,025,0.07209478195109655
"Buchanan County, Virginia",19857,42216,91400,833,51,027,0.04194994208591429
"Buckingham County, Virginia",16914,59199,167800,1194,51,029,0.07059240865555161
"Campbell County, Virginia",55398,62608,199200,6777,51,031,0.12233293620708328
"Caroline County, Virginia",31541,86267,283100,2994,51,033,0.09492406708728322
"Carroll County, Virginia",29158,52575,144200,2575,51,035,0.08831195555250702
"Charles City County, Virginia",6686,70339,224100,609,51,036,0.09108585103200718
"Charlotte County, Virginia",11475,48892,144000,862,51,037,0.075119825708061
"Chesterfield County, Virginia",371610,98910,336700,66439,51,041,0.1787869002448804
"Clarke County, Virginia",15060,114185,538900,2578,51,043,0.17118193891102257
"Craig County, Virginia",4881,67778,210500,364,51,045,0.07457488219627126
"Culpeper County, Virginia",53563,96098,386400,6255,51,047,0.1167783731307059
"Cumberland County, Virginia",9745,57057,220100,719,51,049,0.07378142637249872
"Dickenson County, Virginia",13920,43831,101100,908,51,051,0.06522988505747127
"Dinwiddie County, Virginia",28083,83898,246100,2587,51,053,0.09211978777196168
"Essex County, Virginia",10604,56481,228600,861,51,057,0.08119577517917767
"Fairfax County, Virginia",1144474,150113,699700,250081,51,059,0.21851173552217001
"Fauquier County, Virginia",73935,129495,543700,12562,51,061,0.16990599851220667
"Floyd County, Virginia",15560,61401,215500,1654,51,063,0.10629820051413882
"Fluvanna County, Virginia",27764,91959,281700,4567,51,065,0.16449358882005474
"Franklin County, Virginia",54958,68348,222800,6237,51,067,0.11348666254230504
"Frederick County, Virginia",93355,95603,355000,11674,51,069,0.12504954207059077
"Giles County, Virginia",16610,64819,143500,1151,51,071,0.06929560505719447
"Gloucester County, Virginia",39228,83689,289200,4740,51,073,0.12083205873355767
"Goochland County, Virginia",25613,118695,483700,5121,51,075,0.19993753172217232
"Grayson County, Virginia",15323,42864,132300,1102,51,077,0.0719180317170267
"Greene County, Virginia",20850,85268,315300,2699,51,079,0.1294484412470024
"Greensville County, Virginia",11304,56759,159200,854,51,081,0.07554847841472045
"Halifax County, Virginia",33811,49244,148900,2920,51,083,0.08636242642926859
"Hanover County, Virginia",111652,109504,372700,20550,51,085,0.18405402500626947
"Henrico County, Virginia",334434,86397,333600,61964,51,087,0.1852802047638697
"Henry County, Virginia",50365,48445,120300,3689,51,089,0.07324530924252953
"Highland County, Virginia",2265,62946,195700,381,51,091,0.16821192052980133
"Isle of Wight County, Virginia",39444,96118,333600,5023,51,093,0.12734509684616166
"James City County, Virginia",80046,107046,419200,15232,51,095,0.19029058291482398
"King and Queen County, Virginia",6676,72851,240900,749,51,097,0.1121929298981426
"King George County, Virginia",27468,110517,395900,3981,51,099,0.14493228484054171
"King William County, Virginia",18232,85212,276500,2309,51,101,0.12664545853444492
"Lancaster County, Virginia",10876,67169,307600,1900,51,103,0.17469657962486207
"Lee County, Virginia",22042,42269,98700,1514,51,105,0.0686870519916523
"Loudoun County, Virginia",427082,178707,701000,100120,51,107,0.23442804894610403
"Louisa County, Virginia",39012,80343,275600,4455,51,109,0.11419563211319594
"Lunenburg County, Virginia",11990,54460,145500,667,51,111,0.05562969140950792
"Madison County, Virginia",13931,82972,331400,1430,51,113,0.10264876893259636
"Mathews County, Virginia",8517,75487,348800,1418,51,115,0.16649054831513443
"Mecklenburg County, Virginia",30431,51691,169400,2971,51,117,0.09763070553054451
"Middlesex County, Virginia",10774,74154,299800,1793,51,119,0.1664191572303694
"Montgomery County, Virginia",99159,70769,283600,12698,51,121,0.12805695902540365
"Nelson County, Virginia",14777,68525,283000,2465,51,125,0.1668132909250863
"New Kent County, Virginia",24139,120125,371500,4442,51,127,0.18401756493640997
"Northampton County, Virginia",12115,55933,279100,1751,51,131,0.1445315724308708
"Northumberland County, Virginia",12085,69500,333100,1681,51,133,0.13909805544062886
"Nottoway County, Virginia",15597,62161,179800,1399,51,135,0.08969673655190101
"Orange County, Virginia",37208,94175,337300,4908,51,137,0.13190711674908623
"Page County, Virginia",23750,59396,221800,1629,51,139,0.06858947368421052
"Patrick County, Virginia",17606,50938,146500,1577,51,141,0.08957173690787232
"Pittsylvania County, Virginia",60148,54115,153000,4823,51,143,0.080185542328922
"Powhatan County, Virginia",31074,110667,381300,5425,51,145,0.17458325288022142
"Prince Edward County, Virginia",21932,55082,203700,1808,51,147,0.08243662228706912
"Prince George County, Virginia",42873,88225,268300,4202,51,149,0.09801040281762415
"Prince William County, Virginia",484625,128873,500600,82378,51,153,0.16998297652824348
"Pulaski County, Virginia",33771,60767,182500,3309,51,155,0.097983476947677
"Rappahannock County, Virginia",7409,98125,490200,1167,51,157,0.15751113510595222
"Richmond County, Virginia",9047,64184,214200,813,51,159,0.08986404332928043
"Roanoke County, Virginia",96793,82931,267300,17049,51,161,0.1761387703656256
"Rockbridge County, Virginia",22578,63975,238700,2727,51,163,0.12078129152272123
"Rockingham County, Virginia",84739,78468,287900,9613,51,165,0.11344245270772607
"Russell County, Virginia",25635,49020,119600,1850,51,167,0.07216695923542032
"Scott County, Virginia",21504,45136,122300,1569,51,169,0.07296316964285714
"Shenandoah County, Virginia",44630,64437,265800,3896,51,171,0.08729554111584137
"Smyth County, Virginia",29585,46859,125800,2517,51,173,0.08507689707622106
"Southampton County, Virginia",17988,68465,208800,1619,51,175,0.09000444740938403
"Spotsylvania County, Virginia",143876,109576,375000,19808,51,177,0.13767410825989046
"Stafford County, Virginia",160520,133792,458800,26133,51,179,0.16280214303513582
"Surry County, Virginia",6552,71458,235200,902,51,181,0.13766788766788768
"Sussex County, Virginia",10793,62821,178500,807,51,183,0.07477068470304828
"Tazewell County, Virginia",39933,45788,116100,3020,51,185,0.07562667468008914
"Warren County, Virginia",41104,84331,315800,4356,51,187,0.10597508758271701
"Washington County, Virginia",53913,62774,201800,7008,51,191,0.12998720160258193
"Westmoreland County, Virginia",18683,59766,244000,1626,51,193,0.08703099074024515
"Wise County, Virginia",35727,50740,116500,2528,51,195,0.07075880986368853
"Wythe County, Virginia",28219,55359,172100,2317,51,197,0.08210779970941565
"York County, Virginia",70590,108326,411200,12709,51,199,0.1800396656750248
"Alexandria city, Virginia",156788,113638,696800,37319,51,510,0.2380220425032528
"Bristol city, Virginia",17024,44706,168700,1722,51,520,0.10115131578947369
"Buena Vista city, Virginia",6612,54458,153500,627,51,530,0.09482758620689655
"Charlottesville city, Virginia",45863,69829,448400,7893,51,540,0.17209951376926935
"Chesapeake city, Virginia",251153,94189,359100,38094,51,550,0.1516764681289891
"Colonial Heights city, Virginia",18210,76250,231700,2332,51,570,0.12806150466776497
"Covington city, Virginia",5671,42724,80200,228,51,580,0.040204549462175984
"Danville city, Virginia",42239,42778,110200,3222,51,590,0.0762802149672104
"Emporia city, Virginia",5633,49375,131100,306,51,595,0.05432274099059116
"Fairfax city, Virginia",24478,132774,677400,5300,51,600,0.2165209575945747
"Falls Church city, Virginia",14593,154734,1005400,2946,51,610,0.20187761255396422
"Franklin city, Virginia",8212,65125,227200,880,51,620,0.1071602532878714
"Fredericksburg city, Virginia",28383,85368,461500,4525,51,630,0.1594264172215763
"Galax city, Virginia",6698,41438,126800,530,51,640,0.07912809793968349
"Hampton city, Virginia",137334,67758,234100,15923,51,650,0.11594361192421396
"Harrisonburg city, Virginia",51492,59752,278200,5060,51,660,0.09826769206867086
"Hopewell city, Virginia",22944,48681,165100,1240,51,670,0.05404463040446304
"Lexington city, Virginia",7420,89598,275300,809,51,678,0.10902964959568733
"Lynchburg city, Virginia",79255,59808,211800,10511,51,680,0.13262254747334554
"Manassas city, Virginia",42674,117919,434700,5805,51,683,0.1360313071190889
"Manassas Park city, Virginia",16923,100668,381200,1702,51,685,0.10057318442356557
"Martinsville city, Virginia",13584,42434,92500,1127,51,690,0.08296525323910484
"Newport News city, Virginia",184774,66718,243300,21332,51,700,0.11544914327773388
"Norfolk city, Virginia",235037,64017,271900,29305,51,710,0.12468249679837642
"Norton city, Virginia",3620,38497,100700,254,51,720,0.07016574585635359
"Petersburg city, Virginia",33365,50741,157900,3518,51,730,0.10543983215944852
"Poquoson city, Virginia",12556,120919,403000,1930,51,735,0.15371137304874163
"Portsmouth city, Virginia",97299,58972,229400,9798,51,740,0.10069990441833934
"Radford city, Virginia",16505,52791,211700,1425,51,750,0.08633747349288094
"Richmond city, Virginia",227595,62671,328100,41917,51,760,0.18417364177596168
"Roanoke city, Virginia",98677,52671,180500,12180,51,770,0.1234330188392432
"Salem city, Virginia",25477,66716,244800,3113,51,775,0.12218864073478039
"Staunton city, Virginia",25765,62586,239300,3509,51,790,0.1361925092179313
"Suffolk city, Virginia",96638,90089,329600,13145,51,800,0.13602309650448063
"Virginia Beach city, Virginia",457066,90685,366300,79246,51,810,0.17337977447458353
"Waynesboro city, Virginia",22574,56364,236600,2495,51,820,0.1105253831841942
"Williamsburg city, Virginia",15564,70206,393200,1991,51,830,0.12792341300436905
"Winchester city, Virginia",27981,64648,325900,3344,51,840,0.1195096672742218
"Adams County, Washington",20690,65042,251300,1150,53,001,0.055582406959884
"Asotin County, Washington",22424,69107,286200,2428,53,003,0.10827684623617552
"Benton County, Washington",210224,87316,369400,27497,53,005,0.13079857675622195
"Chelan County, Washington",79518,78306,454900,10806,53,007,0.1358937599034181
"Clallam County, Washington",77593,67999,385600,11064,53,009,0.14259018210405577
"Clark County, Washington",510516,94948,487900,73646,53,011,0.14425796644963135
"Columbia County, Washington",3996,71528,256100,496,53,013,0.12412412412412413
"Cowlitz County, Washington",111539,72932,367400,8973,53,015,0.08044719784111387
"Douglas County, Washington",43733,80374,402900,4440,53,017,0.10152516406375049
"Ferry County, Washington",7326,54650,274500,635,53,019,0.08667758667758668
"Franklin County, Washington",97676,82755,345700,7269,53,021,0.07441950939841926
"Garfield County, Washington",2326,62411,214200,261,53,023,0.1122098022355976
"Grant County, Washington",100428,71115,275700,7995,53,025,0.07960927231449397
"Grays Harbor County, Washington",76397,63539,279500,6461,53,027,0.08457138369307696
"Island County, Washington",86747,88358,535300,13735,53,029,0.15833400578694365
"Jefferson County, Washington",33313,71143,495100,6653,53,031,0.19971182421276978
"King County, Washington",2262713,122148,811200,529842,53,033,0.23416226450283353
"Kitsap County, Washington",276581,98546,505700,45717,53,035,0.16529334986857377
"Kittitas County, Washington",44736,69928,459900,6588,53,037,0.14726394849785407
"Klickitat County, Washington",23082,70400,388700,3144,53,039,0.13621003379256563
"Lewis County, Washington",83925,69690,341500,7997,53,041,0.09528745904081025
"Lincoln County, Washington",11271,71227,272300,1294,53,043,0.1148079141158726
"Mason County, Washington",66968,78359,377400,6977,53,045,0.10418408792258989
"Okanogan County, Washington",42811,60293,284200,4598,53,047,0.10740230314638761
"Pacific County, Washington",23750,62350,274000,3108,53,049,0.13086315789473685
"Pend Oreille County, Washington",13811,63750,307800,1352,53,051,0.09789298385345015
"Pierce County, Washington",924106,96632,484400,120918,53,053,0.13084862559057078
"San Juan County, Washington",18266,83682,726500,4624,53,055,0.2531479251067557
"Skagit County, Washington",130407,85474,486200,16796,53,057,0.12879676704471385
"Skamania County, Washington",12276,90085,472600,1687,53,059,0.13742261322906485
"Snohomish County, Washington",834648,107982,644600,142015,53,061,0.17014957203515735
"Spokane County, Washington",544323,73513,370500,76964,53,063,0.1413939884958012
"Stevens County, Washington",47470,67405,308000,4545,53,065,0.09574468085106383
"Thurston County, Washington",296640,93985,451500,48591,53,067,0.16380461165048543
"Wahkiakum County, Washington",4573,57091,344500,537,53,069,0.1174283839930024
"Walla Walla County, Washington",62102,72212,375600,6905,53,071,0.11118804547357573
"Whatcom County, Washington",228432,80989,536100,36442,53,073,0.1595310639490089
"Whitman County, Washington",47042,52893,323300,6602,53,075,0.14034267250542068
"Yakima County, Washington",256605,68015,281100,18944,53,077,0.0738255295103369
"Barbour County, West Virginia",15454,48347,126000,807,54,001,0.05221949009965057
"Berkeley County, West Virginia",126165,77329,248000,13765,54,003,0.10910315856220029
"Boone County, West Virginia",21312,56152,90300,1050,54,005,0.04926801801801802
"Braxton County, West Virginia",12345,44449,106400,808,54,007,0.06545159983799109
"Brooke County, West Virginia",22053,52116,127700,2225,54,009,0.10089330249852628
"Cabell County, West Virginia",93300,52828,156100,11502,54,011,0.12327974276527331
"Calhoun County, West Virginia",6158,41421,111200,308,54,013,0.050016239038648914
"Clay County, West Virginia",7946,42790,107100,381,54,015,0.047948653410521014
"Doddridge County, West Virginia",7767,61164,160000,545,54,017,0.07016866228917214
"Fayette County, West Virginia",39987,52672,104200,3218,54,019,0.08047615475029385
"Gilmer County, West Virginia",7376,50991,83300,642,54,021,0.08703904555314533
"Grant County, West Virginia",10972,61530,167500,1003,54,023,0.09141450966095516
"Greenbrier County, West Virginia",32688,48662,136300,3097,54,025,0.09474424865394028
"Hampshire County, West Virginia",23340,60299,204600,1845,54,027,0.07904884318766067
"Hancock County, West Virginia",28658,61017,119600,3174,54,029,0.11075441412520064
"Hardy County, West Virginia",14236,49302,159700,907,54,031,0.06371171677437483
"Harrison County, West Virginia",65407,58326,158500,7372,54,033,0.11270964881434709
"Jackson County, West Virginia",27753,55671,154600,2362,54,035,0.08510791626130508
"Jefferson County, West Virginia",58546,95523,324500,8646,54,037,0.14767874833464284
"Kanawha County, West Virginia",178198,58887,135000,22205,54,039,0.12460858146556078
"Lewis County, West Virginia",16808,52279,135800,1377,54,041,0.08192527367920038
"Lincoln County, West Virginia",20170,48593,103400,725,54,043,0.03594447198810114
"Logan County, West Virginia",31826,47237,101500,1654,54,045,0.05197008734996544
"McDowell County, West Virginia",18413,29980,49200,594,54,047,0.03225981643404117
"Marion County, West Virginia",56042,67537,164300,6327,54,049,0.11289746975482674
"Marshall County, West Virginia",30129,60329,139800,2740,54,051,0.09094228152278536
"Mason County, West Virginia",25214,53454,127400,1959,54,053,0.0776949313873245
"Mercer County, West Virginia",59062,47799,118600,5678,54,055,0.09613626358741661
"Mineral County, West Virginia",26922,68049,180400,2360,54,057,0.08766064928311418
"Mingo County, West Virginia",22979,39527,85600,821,54,059,0.03572827364115062
"Monongalia County, West Virginia",106520,62704,254200,14422,54,061,0.1353924145700338
"Monroe County, West Virginia",12401,54508,146100,888,54,063,0.07160712845738247
"Morgan County, West Virginia",17327,63805,223100,1209,54,065,0.06977549489236452
"Nicholas County, West Virginia",24446,49280,114200,1872,54,067,0.07657694510349342
"Ohio County, West Virginia",41904,57867,165300,5540,54,069,0.1322069492172585
"Pendleton County, West Virginia",6111,61738,178600,654,54,071,0.10702012763868433
"Pleasants County, West Virginia",7572,61038,129300,421,54,073,0.05559957739038563
"Pocahontas County, West Virginia",7855,41200,139400,523,54,075,0.06658179503500955
"Preston County, West Virginia",34204,61373,157700,3006,54,077,0.08788445795813356
"Putnam County, West Virginia",57250,77871,214200,6814,54,079,0.11902183406113537
"Raleigh County, West Virginia",73666,52055,142600,6835,54,081,0.09278364510086064
"Randolph County, West Virginia",27782,55057,137800,2675,54,083,0.09628536462457707
"Ritchie County, West Virginia",8372,50256,107800,662,54,085,0.07907310081223125
"Roane County, West Virginia",13921,45194,121100,949,54,087,0.06817039005818548
"Summers County, West Virginia",11833,42544,126100,937,54,089,0.0791853291642018
"Taylor County, West Virginia",16543,56807,144000,1302,54,091,0.07870398355800036
"Tucker County, West Virginia",6698,53475,144700,652,54,093,0.09734249029561064
"Tyler County, West Virginia",8181,58293,112100,626,54,095,0.07651876298740985
"Upshur County, West Virginia",23758,51859,160700,1591,54,097,0.06696691640710498
"Wayne County, West Virginia",38498,55539,124900,2772,54,099,0.07200374045404956
"Webster County, West Virginia",8253,42061,78000,576,54,101,0.0697928026172301
"Wetzel County, West Virginia",14233,53341,102800,857,54,103,0.06021218295510433
"Wirt County, West Virginia",5131,54688,112800,429,54,105,0.0836094328590918
"Wood County, West Virginia",83829,56193,153700,8617,54,107,0.10279258967660357
"Wyoming County, West Virginia",20948,48038,78400,960,54,109,0.04582776398701547
"Adams County, Wisconsin",20928,59153,184500,2122,55,001,0.10139525993883793
"Ashland County, Wisconsin",16050,57645,160500,1637,55,003,0.10199376947040499
"Barron County, Wisconsin",46741,64619,198300,4938,55,005,0.10564600671787082
"Bayfield County, Wisconsin",16410,69609,228100,2785,55,007,0.16971358927483243
"Brown County, Wisconsin",269425,77490,245900,41260,55,009,0.15314094831585784
"Buffalo County, Wisconsin",13341,68722,197600,1563,55,011,0.11715763436024286
"Burnett County, Wisconsin",16741,61664,215500,1974,55,013,0.11791410310017322
"Calumet County, Wisconsin",52626,87700,252100,8793,55,015,0.1670847109793638
"Chippewa County, Wisconsin",66558,74009,237700,8349,55,017,0.1254394663301181
"Clark County, Wisconsin",34736,66250,163800,2048,55,019,0.0589590050667895
"Columbia County, Wisconsin",58322,82792,258700,7372,55,021,0.1264017009018895
"Crawford County, Wisconsin",16064,63496,175100,1479,55,023,0.09206922310756972
"Dane County, Wisconsin",564777,88108,366100,122398,55,025,0.21671916526345797
"Dodge County, Wisconsin",88818,73992,218400,9239,55,027,0.10402170731158099
"Door County, Wisconsin",30279,71785,305800,5668,55,029,0.18719244360778098
"Douglas County, Wisconsin",44197,72579,190400,6380,55,031,0.14435368916442293
"Dunn County, Wisconsin",45349,71785,226200,5181,55,033,0.11424728218924342
"Eau Claire County, Wisconsin",106328,71834,242400,16076,55,035,0.15119253630276128
"Florence County, Wisconsin",4617,62786,170000,645,55,037,0.1397011046133853
"Fond du Lac County, Wisconsin",104053,73154,209800,10972,55,039,0.1054462629621443
"Forest County, Wisconsin",9261,59727,170000,813,55,041,0.08778749595076125
"Grant County, Wisconsin",51678,64349,186300,4949,55,043,0.09576609001896358
"Green County, Wisconsin",37036,80248,236900,4911,55,045,0.13260071281995897
"Green Lake County, Wisconsin",19165,66917,206300,1993,55,047,0.103991651447952
"Iowa County, Wisconsin",23832,83372,248100,3280,55,049,0.13763007720711648
"Iron County, Wisconsin",6164,59058,155200,845,55,051,0.13708630759247242
"Jackson County, Wisconsin",20971,65508,186900,1629,55,053,0.0776786991559773
"Jefferson County, Wisconsin",85867,80604,253800,11666,55,055,0.13586127383045873
"Juneau County, Wisconsin",26695,65150,165200,2264,55,057,0.0848098894924143
"Kenosha County, Wisconsin",168413,79412,247800,22620,55,059,0.13431267182462162
"Kewaunee County, Wisconsin",20621,80085,208900,2072,55,061,0.10048009310896659
"La Crosse County, Wisconsin",120262,70704,243200,17289,55,063,0.1437611215512797
"Lafayette County, Wisconsin",16788,72091,182100,1653,55,065,0.09846318799142244
"Langlade County, Wisconsin",19473,57258,145800,1744,55,067,0.08955990345606737
"Lincoln County, Wisconsin",28403,67726,177700,2768,55,069,0.09745449424356582
"Manitowoc County, Wisconsin",81314,68611,172900,9231,55,071,0.11352288658779545
"Marathon County, Wisconsin",138067,76185,205500,18307,55,073,0.13259504443494824
"Marinette County, Wisconsin",41907,63401,154600,4200,55,075,0.1002219199656382
"Marquette County, Wisconsin",15706,63471,201100,1288,55,077,0.08200687635298612
"Menominee County, Wisconsin",4256,59528,97000,309,55,078,0.07260338345864661
"Milwaukee County, Wisconsin",927656,62118,216500,134690,55,079,0.1451939080866183
"Monroe County, Wisconsin",46169,68213,197200,4364,55,081,0.09452229851198857
"Oconto County, Wisconsin",39329,75886,212000,3963,55,083,0.1007653385542475
"Oneida County, Wisconsin",38007,69621,227500,5181,55,085,0.13631699423790355
"Outagamie County, Wisconsin",191537,82857,244100,30177,55,087,0.1575518046121637
"Ozaukee County, Wisconsin",92345,96734,368900,20318,55,089,0.22002274080892306
"Pepin County, Wisconsin",7372,74536,196100,899,55,091,0.12194791101465002
"Pierce County, Wisconsin",42351,88802,308600,5722,55,093,0.13510897027224858
"Polk County, Wisconsin",45327,76208,241200,5618,55,095,0.1239437862642575
"Portage County, Wisconsin",70375,73284,230400,10863,55,097,0.1543587921847247
"Price County, Wisconsin",14077,58720,146000,1289,55,099,0.09156780564040634
"Racine County, Wisconsin",196888,75331,239400,25503,55,101,0.1295304944943318
"Richland County, Wisconsin",17229,62649,182800,1805,55,103,0.104765221428986
"Rock County, Wisconsin",163944,74390,215900,20000,55,105,0.12199287561606402
"Rusk County, Wisconsin",14146,58322,152000,1282,55,107,0.09062632546302841
"St. Croix County, Wisconsin",94819,102482,349700,17919,55,109,0.18898111138063045
"Sauk County, Wisconsin",65759,77648,242400,8586,55,111,0.13056767894888913
"Sawyer County, Wisconsin",18243,59055,223300,2421,55,113,0.1327084361124815
"Shawano County, Wisconsin",40927,67032,179100,3778,55,115,0.09231069953820216
"Sheboygan County, Wisconsin",117783,71898,218400,15177,55,117,0.12885560734571203
"Taylor County, Wisconsin",19972,63142,186500,1661,55,119,0.0831664330062087
"Trempealeau County, Wisconsin",30786,71295,203300,2769,55,121,0.08994348080296238
"Vernon County, Wisconsin",30915,69556,210600,3379,55,123,0.10929969270580624
"Vilas County, Wisconsin",23410,67132,270700,3625,55,125,0.15484835540367364
"Walworth County, Wisconsin",105447,77359,275900,15303,55,127,0.14512503911917835
"Washburn County, Wisconsin",16749,61270,207900,2141,55,129,0.12782852707624337
"Washington County, Wisconsin",137320,95851,316200,23647,55,131,0.17220361200116516
"Waukesha County, Wisconsin",409040,104100,373600,92523,55,133,0.22619548210443965
"Waupaca County, Wisconsin",51714,71189,192800,5639,55,135,0.1090420389062923
"Waushara County, Wisconsin",24752,64968,186000,2229,55,137,0.09005332902391726
"Winnebago County, Wisconsin",171357,72873,208600,24993,55,139,0.14585339379190812
"Wood County, Wisconsin",74039,66417,168100,7733,55,141,0.10444495468604384
"Albany County, Wyoming",37713,59881,322100,6101,56,001,0.16177445443215868
"Big Horn County, Wyoming",11737,60547,198200,1182,56,003,0.10070716537445684
"Campbell County, Wyoming",47018,95253,266400,4340,56,005,0.09230507465226083
"Carbon County, Wyoming",14549,66721,214500,1796,56,007,0.12344491030311362
"Converse County, Wyoming",13759,79164,269700,1245,56,009,0.09048622719674394
"Crook County, Wyoming",7339,71209,276800,1026,56,011,0.13980106281509744
"Fremont County, Wyoming",39472,64646,252700,4016,56,013,0.10174300770166193
"Goshen County, Wyoming",12587,64882,234600,1314,56,015,0.10439342178438071
"Hot Springs County, Wyoming",4618,64375,214400,600,56,017,0.12992637505413598
"Johnson County, Wyoming",8602,63905,296000,1157,56,019,0.13450360381306672
"Laramie County, Wyoming",100661,77884,324900,13646,56,021,0.13556392247245705
"Lincoln County, Wyoming",20158,86092,334500,2225,56,023,0.1103780136918345
"Natrona County, Wyoming",79735,71247,260400,9214,56,025,0.1155577851633536
"Niobrara County, Wyoming",2415,48987,194200,312,56,027,0.12919254658385093
"Park County, Wyoming",30109,70533,374200,4903,56,029,0.162841675246604
"Platte County, Wyoming",8606,66299,248900,728,56,031,0.08459214501510574
"Sheridan County, Wyoming",31585,70855,352200,4732,56,033,0.14981795155928446
"Sublette County, Wyoming",8806,82791,350100,1315,56,035,0.14933000227117874
"Sweetwater County, Wyoming",41786,76464,242900,3648,56,037,0.08730196716603647
"Teton County, Wyoming",23358,112681,1371900,7297,56,039,0.3123983217741245
"Uinta County, Wyoming",20605,82672,255400,2064,56,041,0.10016986168405727
"Washakie County, Wyoming",7708,62648,188600,815,56,043,0.1057343020238713
"Weston County, Wyoming",6835,87545,214000,679,56,045,0.09934162399414777
"Adjuntas Municipio, Puerto Rico",17975,18605,88800,1778,72,001,0.09891515994436717
"Aguada Municipio, Puerto Rico",37904,21694,108500,5307,72,003,0.14001160827353315
"Aguadilla Municipio, Puerto Rico",54486,19826,141800,6804,72,005,0.12487611496531219
"Aguas Buenas Municipio, Puerto Rico",23888,22361,135200,2925,72,007,0.12244641661085064
"Aibonito Municipio, Puerto Rico",24610,21714,120400,3139,72,009,0.12754977651361235
"Añasco Municipio, Puerto Rico",25316,23591,112700,3342,72,011,0.13201137620477169
"Arecibo Municipio, Puerto Rico",86875,23175,110800,13883,72,013,0.15980431654676258
"Arroyo Municipio, Puerto Rico",15573,18931,95200,2395,72,015,0.15379181917421178
"Barceloneta Municipio, Puerto Rico",22565,21750,121200,3045,72,017,0.13494349656547752
"Barranquitas Municipio, Puerto Rico",28984,22167,120900,3858,72,019,0.1331079216119238
"Bayamón Municipio, Puerto Rico",183456,30729,143400,32863,72,021,0.1791328710971568
"Cabo Rojo Municipio, Puerto Rico",46955,25720,117800,7491,72,023,0.1595357256948142
"Caguas Municipio, Puerto Rico",126239,30113,143300,22192,72,025,0.17579353448617305
"Camuy Municipio, Puerto Rico",32753,26094,105500,3791,72,027,0.11574512258419076
"Canóvanas Municipio, Puerto Rico",42037,27278,116200,5855,72,029,0.13928206104146348
"Carolina Municipio, Puerto Rico",153226,35126,152300,29410,72,031,0.19193870491953063
"Cataño Municipio, Puerto Rico",22768,24307,134700,2757,72,033,0.12109100491918483
"Cayey Municipio, Puerto Rico",41231,28461,141600,6226,72,035,0.15100288617787588
"Ceiba Municipio, Puerto Rico",11128,23204,110900,1433,72,037,0.12877426312005752
"Ciales Municipio, Puerto Rico",16874,20614,95400,1826,72,039,0.10821382007822686
"Cidra Municipio, Puerto Rico",39765,27149,137800,5696,72,041,0.1432415440714196
"Coamo Municipio, Puerto Rico",34294,20797,104000,4563,72,043,0.13305534495830174
"Comerío Municipio, Puerto Rico",18775,17254,103500,2062,72,045,0.10982689747003994
"Corozal Municipio, Puerto Rico",34474,23933,117800,4274,72,047,0.12397749028253176
"Culebra Municipio, Puerto Rico",1281,27614,168200,131,72,049,0.10226385636221702
"Dorado Municipio, Puerto Rico",35816,33388,157800,6622,72,051,0.18488943488943488
"Fajardo Municipio, Puerto Rico",31756,25170,118400,5554,72,053,0.17489608263005416
"Florida Municipio, Puerto Rico",11624,21213,104500,1195,72,054,0.1028045423262216
"Guánica Municipio, Puerto Rico",13266,16210,82800,1119,72,055,0.08435097241067391
"Guayama Municipio, Puerto Rico",35845,20273,103500,3871,72,057,0.10799274654763566
"Guayanilla Municipio, Puerto Rico",17418,21400,84800,2429,72,059,0.13945343897117923
"Guaynabo Municipio, Puerto Rico",89503,46048,214500,20443,72,061,0.22840575176251077
"Gurabo Municipio, Puerto Rico",40383,39532,160100,7197,72,063,0.17821855731372113
"Hatillo Municipio, Puerto Rico",38266,28001,128500,6487,72,065,0.16952385930068467
"Hormigueros Municipio, Puerto Rico",15520,24862,115600,2888,72,067,0.18608247422680413
"Humacao Municipio, Puerto Rico",50441,26083,117900,7055,72,069,0.13986637854126605
"Isabela Municipio, Puerto Rico",42878,20484,121800,6382,72,071,0.14884089742991743
"Jayuya Municipio, Puerto Rico",14653,18413,105000,1628,72,073,0.11110352828772264
"Juana Díaz Municipio, Puerto Rico",46276,23823,102900,6989,72,075,0.15102861094303743
"Juncos Municipio, Puerto Rico",36895,28196,116700,4698,72,077,0.12733432714459955
"Lajas Municipio, Puerto Rico",23133,18920,102400,2932,72,079,0.1267453421519042
"Lares Municipio, Puerto Rico",27944,19323,102200,3280,72,081,0.11737761236759232
"Las Marías Municipio, Puerto Rico",8790,16170,89700,878,72,083,0.09988623435722412
"Las Piedras Municipio, Puerto Rico",35034,25697,121300,5296,72,085,0.15116743734657762
"Loíza Municipio, Puerto Rico",23176,22500,111000,2553,72,087,0.11015705902657923
"Luquillo Municipio, Puerto Rico",17631,23769,125200,2154,72,089,0.12217117576995065
"Manatí Municipio, Puerto Rico",39152,20352,116000,5102,72,091,0.13031262770739682
"Maricao Municipio, Puerto Rico",5176,20541,103800,271,72,093,0.052357032457496136
"Maunabo Municipio, Puerto Rico",10482,19363,106000,621,72,095,0.05924441900400687
"Mayagüez Municipio, Puerto Rico",71824,17963,107900,9171,72,097,0.1276871240810871
"Moca Municipio, Puerto Rico",37402,21415,116400,5061,72,099,0.13531361959253516
"Morovis Municipio, Puerto Rico",28534,23010,113800,3330,72,101,0.1167028807738137
"Naguabo Municipio, Puerto Rico",23205,21416,105500,2997,72,103,0.12915319974143505
"Naranjito Municipio, Puerto Rico",29246,21399,106800,3372,72,105,0.11529781850509471
"Orocovis Municipio, Puerto Rico",21351,19062,94700,2249,72,107,0.10533464474731863
"Patillas Municipio, Puerto Rico",15753,23422,89200,1702,72,109,0.10804291246111852
"Peñuelas Municipio, Puerto Rico",20082,20959,88000,3054,72,111,0.15207648640573648
"Ponce Municipio, Puerto Rico",134676,18827,108200,20715,72,113,0.15381359707743028
"Quebradillas Municipio, Puerto Rico",23486,23624,109700,2741,72,115,0.11670782593885719
"Rincón Municipio, Puerto Rico",15276,25223,154900,2303,72,117,0.1507593610892904
"Río Grande Municipio, Puerto Rico",46478,26745,128900,7171,72,119,0.15428805026033823
"Sabana Grande Municipio, Puerto Rico",22541,20564,100300,4073,72,121,0.18069295949602945
"Salinas Municipio, Puerto Rico",25397,21611,91700,2853,72,123,0.11233610268929402
"San Germán Municipio, Puerto Rico",31514,17921,100100,4272,72,125,0.13555879926381925
"San Juan Municipio, Puerto Rico",338661,26981,171400,64267,72,127,0.1897679390304759
"San Lorenzo Municipio, Puerto Rico",37515,21320,114500,3722,72,129,0.09921364787418366
"San Sebastián Municipio, Puerto Rico",39168,17834,110500,5172,72,131,0.13204656862745098
"Santa Isabel Municipio, Puerto Rico",20064,23197,106100,3327,72,133,0.16581937799043062
"Toa Alta Municipio, Puerto Rico",66536,33349,152000,10284,72,135,0.15456294336900325
"Toa Baja Municipio, Puerto Rico",73987,29648,137800,11324,72,137,0.15305391487693784
"Trujillo Alto Municipio, Puerto Rico",67329,38773,163000,14570,72,139,0.21640006535074038
"Utuado Municipio, Puerto Rico",27896,17624,103600,3940,72,141,0.14123888729566964
"Vega Alta Municipio, Puerto Rico",35114,25235,134500,4331,72,143,0.12334111750299026
"Vega Baja Municipio, Puerto Rico",54058,23877,117700,7798,72,145,0.1442524695697214
"Vieques Municipio, Puerto Rico",8147,17531,113100,330,72,147,0.04050570762243771
"Villalba Municipio, Puerto Rico",21778,24882,103300,2722,72,149,0.12498852052530077
"Yabucoa Municipio, Puerto Rico",29868,21279,95600,3266,72,151,0.1093477969733494
"Yauco Municipio, Puerto Rico",33509,21918,98800,5117,72,153,0.15270524336745353
